-- phpMyAdmin SQL Dump
-- version 5.1.0
-- https://www.phpmyadmin.net/
--
-- Servidor: 127.0.0.1
-- Tiempo de generación: 27-04-2021 a las 01:29:08
-- Versión del servidor: 10.4.18-MariaDB
-- Versión de PHP: 7.3.27

SET SQL_MODE = "NO_AUTO_VALUE_ON_ZERO";
START TRANSACTION;
SET time_zone = "+00:00";


/*!40101 SET @OLD_CHARACTER_SET_CLIENT=@@CHARACTER_SET_CLIENT */;
/*!40101 SET @OLD_CHARACTER_SET_RESULTS=@@CHARACTER_SET_RESULTS */;
/*!40101 SET @OLD_COLLATION_CONNECTION=@@COLLATION_CONNECTION */;
/*!40101 SET NAMES utf8mb4 */;

--
-- Base de datos: `rifa`
--

-- --------------------------------------------------------

--
-- Estructura de tabla para la tabla `administradores`
--

CREATE TABLE `administradores` (
  `id` int(11) NOT NULL,
  `nombre` text COLLATE utf8_spanish_ci NOT NULL,
  `email` text COLLATE utf8_spanish_ci NOT NULL,
  `foto` text COLLATE utf8_spanish_ci NOT NULL,
  `password` text COLLATE utf8_spanish_ci NOT NULL,
  `estado` int(11) NOT NULL
) ENGINE=InnoDB DEFAULT CHARSET=utf8 COLLATE=utf8_spanish_ci;

--
-- Volcado de datos para la tabla `administradores`
--

INSERT INTO `administradores` (`id`, `nombre`, `email`, `foto`, `password`, `estado`) VALUES
(1, 'Elsa Martinez', 'emartinez@sfd.com.mx', 'vistas/img/perfiles/368.png', '$2a$07$asxx54ahjppf45sd87a5auKDio1hHSj00ZPCP7SzPVvh4IM9anuUy', 1),
(2, 'Roberto Gutierrez', 'rgutierrez@sfd.com.mx', 'vistas/img/perfiles/364.png', '$2a$07$asxx54ahjppf45sd87a5au6AyDyEPyXux2BaTKROLibPsCl8aP.8i', 1),
(3, 'Marco Lopez', 'mlopez@sfd.com.mx', 'vistas/img/perfiles/855.png', '$2a$07$asxx54ahjppf45sd87a5aueDfkNTK7dgdxkWJ2K5auP79BYNE.00K', 1),
(4, 'Jonathan Gonzalez', 'jgonzalez@sfd.com.mx', 'vistas/img/perfiles/198.png', '$2a$07$asxx54ahjppf45sd87a5auCwtoOFPeq0mDVgtHi9xpyYA5L8ngReK', 1);

-- --------------------------------------------------------

--
-- Estructura de tabla para la tabla `boletos`
--

CREATE TABLE `boletos` (
  `id` int(11) NOT NULL,
  `idParticipante` int(11) NOT NULL,
  `idFactura` int(11) NOT NULL,
  `folioBoleto` int(11) NOT NULL,
  `fecha` timestamp NOT NULL DEFAULT current_timestamp(),
  `descartado` int(11) NOT NULL,
  `ganadorPremio` int(11) NOT NULL
) ENGINE=InnoDB DEFAULT CHARSET=utf8 COLLATE=utf8_spanish_ci;

--
-- Volcado de datos para la tabla `boletos`
--

INSERT INTO `boletos` (`id`, `idParticipante`, `idFactura`, `folioBoleto`, `fecha`, `descartado`, `ganadorPremio`) VALUES
(1, 11, 468, 1001, '2021-04-08 19:53:27', 0, 0),
(2, 11, 485, 1002, '2021-04-08 19:53:53', 0, 0),
(3, 14, 481, 1003, '2021-04-10 20:47:01', 0, 0),
(4, 14, 481, 1004, '2021-04-10 20:47:01', 0, 0),
(5, 15, 337, 1005, '2021-04-11 17:27:34', 0, 0),
(6, 15, 337, 1006, '2021-04-11 17:27:34', 0, 0),
(7, 15, 337, 1007, '2021-04-11 17:27:34', 0, 0),
(8, 15, 518, 1008, '2021-04-11 17:28:04', 0, 0),
(9, 16, 483, 1009, '2021-04-12 15:43:37', 0, 0),
(10, 16, 483, 1010, '2021-04-12 15:43:37', 0, 0),
(11, 16, 483, 1011, '2021-04-12 15:43:37', 0, 0),
(12, 16, 483, 1012, '2021-04-12 15:43:37', 0, 0),
(13, 16, 483, 1013, '2021-04-12 15:43:37', 0, 0),
(14, 16, 483, 1014, '2021-04-12 15:43:37', 0, 0),
(15, 16, 483, 1015, '2021-04-12 15:43:37', 0, 0),
(16, 16, 552, 1016, '2021-04-12 15:44:10', 0, 0),
(17, 13, 549, 1017, '2021-04-12 23:13:52', 0, 0),
(18, 13, 549, 1018, '2021-04-12 23:13:52', 0, 0),
(19, 15, 583, 1019, '2021-04-13 16:02:18', 0, 0),
(20, 15, 583, 1020, '2021-04-13 16:02:18', 0, 0),
(21, 15, 583, 1021, '2021-04-13 16:02:18', 0, 0),
(22, 23, 592, 1022, '2021-04-13 17:10:10', 0, 0),
(23, 23, 592, 1023, '2021-04-13 17:10:10', 0, 0),
(24, 23, 592, 1024, '2021-04-13 17:10:10', 0, 0),
(25, 24, 525, 1025, '2021-04-14 01:50:54', 0, 0),
(26, 24, 525, 1026, '2021-04-14 01:50:54', 0, 0),
(27, 24, 525, 1027, '2021-04-14 01:50:54', 0, 0),
(28, 24, 525, 1028, '2021-04-14 01:50:54', 0, 0),
(29, 24, 525, 1029, '2021-04-14 01:50:54', 0, 0),
(30, 24, 525, 1030, '2021-04-14 01:50:54', 0, 0),
(31, 24, 525, 1031, '2021-04-14 01:50:54', 0, 0),
(32, 24, 525, 1032, '2021-04-14 01:50:54', 0, 0),
(33, 24, 525, 1033, '2021-04-14 01:50:54', 0, 0),
(34, 24, 525, 1034, '2021-04-14 01:50:54', 0, 0),
(35, 24, 525, 1035, '2021-04-14 01:50:54', 0, 0),
(36, 24, 525, 1036, '2021-04-14 01:50:54', 0, 0),
(37, 24, 525, 1037, '2021-04-14 01:50:54', 0, 0),
(38, 24, 525, 1038, '2021-04-14 01:50:54', 0, 0),
(39, 24, 525, 1039, '2021-04-14 01:50:54', 0, 0),
(40, 24, 525, 1040, '2021-04-14 01:50:54', 0, 0),
(41, 11, 629, 1041, '2021-04-14 19:20:57', 0, 0),
(42, 11, 641, 1042, '2021-04-14 19:22:22', 0, 0),
(43, 25, 613, 1043, '2021-04-14 19:32:36', 0, 0),
(44, 25, 613, 1044, '2021-04-14 19:32:36', 0, 0),
(45, 23, 653, 1045, '2021-04-15 15:09:14', 0, 0),
(46, 23, 653, 1046, '2021-04-15 15:09:14', 0, 0),
(47, 23, 653, 1047, '2021-04-15 15:09:14', 0, 0),
(48, 26, 227, 1048, '2021-04-15 15:13:01', 0, 0),
(49, 26, 227, 1049, '2021-04-15 15:13:01', 0, 0),
(50, 26, 213, 1050, '2021-04-15 15:13:36', 0, 0),
(51, 26, 80, 1051, '2021-04-15 15:14:04', 0, 0),
(52, 26, 80, 1052, '2021-04-15 15:14:04', 0, 0),
(53, 26, 482, 1053, '2021-04-15 15:33:54', 0, 0),
(54, 26, 450, 1054, '2021-04-15 15:34:22', 0, 0),
(55, 28, 484, 1055, '2021-04-15 17:35:48', 0, 0),
(56, 29, 667, 1056, '2021-04-15 18:16:33', 0, 0),
(57, 29, 667, 1057, '2021-04-15 18:16:33', 0, 0),
(58, 29, 667, 1058, '2021-04-15 18:16:33', 0, 0),
(59, 29, 667, 1059, '2021-04-15 18:16:33', 0, 0),
(60, 29, 667, 1060, '2021-04-15 18:16:33', 0, 0),
(61, 29, 667, 1061, '2021-04-15 18:16:33', 0, 0),
(62, 29, 667, 1062, '2021-04-15 18:16:33', 0, 0),
(63, 29, 667, 1063, '2021-04-15 18:16:33', 0, 0),
(64, 30, 569, 1064, '2021-04-15 18:53:07', 0, 0),
(65, 30, 569, 1065, '2021-04-15 18:53:07', 0, 0),
(66, 31, 659, 1066, '2021-04-15 19:44:32', 0, 0),
(67, 31, 671, 1067, '2021-04-15 19:45:05', 0, 0),
(68, 32, 675, 1068, '2021-04-16 14:16:45', 0, 0),
(69, 33, 678, 1069, '2021-04-16 16:18:06', 0, 0),
(70, 34, 684, 1070, '2021-04-16 17:23:43', 0, 0),
(71, 15, 701, 1071, '2021-04-17 16:18:38', 0, 0),
(72, 15, 701, 1072, '2021-04-17 16:18:38', 0, 0),
(73, 15, 701, 1073, '2021-04-17 16:18:38', 0, 0),
(74, 35, 703, 1074, '2021-04-17 16:28:38', 0, 0),
(75, 35, 703, 1075, '2021-04-17 16:28:38', 0, 0),
(76, 36, 705, 1076, '2021-04-17 16:53:56', 0, 0),
(77, 36, 705, 1077, '2021-04-17 16:53:56', 0, 0),
(78, 23, 704, 1078, '2021-04-19 16:12:36', 0, 0),
(79, 26, 695, 1079, '2021-04-19 16:52:07', 0, 0),
(80, 26, 695, 1080, '2021-04-19 16:52:07', 0, 0),
(81, 38, 720, 1081, '2021-04-19 17:24:59', 0, 0),
(82, 38, 720, 1082, '2021-04-19 17:24:59', 0, 0),
(83, 39, 92, 1083, '2021-04-19 17:55:28', 0, 0),
(84, 39, 92, 1084, '2021-04-19 17:55:28', 0, 0),
(85, 39, 92, 1085, '2021-04-19 17:55:28', 0, 0),
(86, 39, 92, 1086, '2021-04-19 17:55:28', 0, 0),
(87, 39, 92, 1087, '2021-04-19 17:55:28', 0, 0),
(88, 39, 92, 1088, '2021-04-19 17:55:28', 0, 0),
(89, 39, 92, 1089, '2021-04-19 17:55:28', 0, 0),
(90, 39, 92, 1090, '2021-04-19 17:55:28', 0, 0),
(91, 39, 92, 1091, '2021-04-19 17:55:28', 0, 0),
(92, 39, 92, 1092, '2021-04-19 17:55:28', 0, 0),
(93, 39, 92, 1093, '2021-04-19 17:55:28', 0, 0),
(94, 39, 92, 1094, '2021-04-19 17:55:28', 0, 0),
(95, 39, 299, 1095, '2021-04-19 17:57:57', 0, 0),
(96, 39, 299, 1096, '2021-04-19 17:57:57', 0, 0),
(97, 39, 299, 1097, '2021-04-19 17:57:57', 0, 0),
(98, 39, 310, 1098, '2021-04-19 17:58:28', 0, 0),
(99, 39, 313, 1099, '2021-04-19 17:58:46', 0, 0),
(100, 39, 669, 1100, '2021-04-19 17:59:10', 0, 0),
(101, 39, 669, 1101, '2021-04-19 17:59:10', 0, 0),
(102, 39, 669, 1102, '2021-04-19 17:59:10', 0, 0),
(103, 39, 669, 1103, '2021-04-19 17:59:10', 0, 0),
(104, 39, 669, 1104, '2021-04-19 17:59:10', 0, 0),
(105, 39, 669, 1105, '2021-04-19 17:59:10', 0, 0),
(106, 40, 723, 1106, '2021-04-19 19:14:04', 0, 0),
(107, 40, 723, 1107, '2021-04-19 19:14:04', 0, 0),
(108, 40, 723, 1108, '2021-04-19 19:14:04', 0, 0),
(109, 40, 723, 1109, '2021-04-19 19:14:04', 0, 0),
(110, 40, 723, 1110, '2021-04-19 19:14:04', 0, 0),
(111, 41, 612, 1111, '2021-04-19 21:45:37', 0, 0),
(112, 41, 612, 1112, '2021-04-19 21:45:37', 0, 0),
(113, 41, 612, 1113, '2021-04-19 21:45:37', 0, 0),
(114, 41, 612, 1114, '2021-04-19 21:45:37', 0, 0),
(115, 41, 612, 1115, '2021-04-19 21:45:37', 0, 0),
(116, 41, 612, 1116, '2021-04-19 21:45:37', 0, 0),
(117, 41, 612, 1117, '2021-04-19 21:45:37', 0, 0),
(118, 41, 612, 1118, '2021-04-19 21:45:37', 0, 0),
(119, 41, 612, 1119, '2021-04-19 21:45:37', 0, 0),
(120, 41, 612, 1120, '2021-04-19 21:45:37', 0, 0),
(121, 41, 612, 1121, '2021-04-19 21:45:37', 0, 0),
(122, 41, 612, 1122, '2021-04-19 21:45:37', 0, 0),
(123, 41, 612, 1123, '2021-04-19 21:45:37', 0, 0),
(124, 41, 612, 1124, '2021-04-19 21:45:37', 0, 0),
(125, 41, 612, 1125, '2021-04-19 21:45:37', 0, 0),
(126, 41, 612, 1126, '2021-04-19 21:45:37', 0, 0),
(127, 41, 612, 1127, '2021-04-19 21:45:37', 0, 0),
(128, 41, 612, 1128, '2021-04-19 21:45:37', 0, 0),
(129, 41, 612, 1129, '2021-04-19 21:45:37', 0, 0),
(130, 41, 612, 1130, '2021-04-19 21:45:37', 0, 0),
(131, 41, 612, 1131, '2021-04-19 21:45:37', 0, 0),
(132, 41, 612, 1132, '2021-04-19 21:45:37', 0, 0),
(133, 42, 709, 1133, '2021-04-20 00:18:21', 0, 0),
(134, 43, 515, 1134, '2021-04-20 15:54:30', 0, 0),
(135, 43, 515, 1135, '2021-04-20 15:54:30', 0, 0),
(136, 43, 515, 1136, '2021-04-20 15:54:30', 0, 0),
(137, 43, 517, 1137, '2021-04-20 15:55:20', 0, 0),
(138, 43, 517, 1138, '2021-04-20 15:55:20', 0, 0),
(139, 43, 517, 1139, '2021-04-20 15:55:20', 0, 0),
(140, 43, 524, 1140, '2021-04-20 15:56:36', 0, 0),
(141, 43, 524, 1141, '2021-04-20 15:56:36', 0, 0),
(142, 43, 524, 1142, '2021-04-20 15:56:36', 0, 0),
(143, 43, 524, 1143, '2021-04-20 15:56:36', 0, 0),
(144, 43, 524, 1144, '2021-04-20 15:56:36', 0, 0),
(145, 43, 524, 1145, '2021-04-20 15:56:36', 0, 0),
(146, 43, 527, 1146, '2021-04-20 15:57:23', 0, 0),
(147, 43, 527, 1147, '2021-04-20 15:57:23', 0, 0),
(148, 43, 527, 1148, '2021-04-20 15:57:23', 0, 0),
(149, 43, 527, 1149, '2021-04-20 15:57:23', 0, 0),
(150, 43, 528, 1150, '2021-04-20 15:57:46', 0, 0),
(151, 43, 529, 1151, '2021-04-20 15:58:47', 0, 0),
(152, 43, 529, 1152, '2021-04-20 15:58:47', 0, 0),
(153, 43, 529, 1153, '2021-04-20 15:58:47', 0, 0),
(154, 43, 529, 1154, '2021-04-20 15:58:47', 0, 0),
(155, 43, 530, 1155, '2021-04-20 15:59:18', 0, 0),
(156, 43, 530, 1156, '2021-04-20 15:59:18', 0, 0),
(157, 43, 546, 1157, '2021-04-20 15:59:42', 0, 0),
(158, 43, 546, 1158, '2021-04-20 15:59:42', 0, 0),
(159, 43, 546, 1159, '2021-04-20 15:59:42', 0, 0),
(160, 43, 546, 1160, '2021-04-20 15:59:42', 0, 0),
(161, 43, 546, 1161, '2021-04-20 15:59:42', 0, 0),
(162, 43, 546, 1162, '2021-04-20 15:59:42', 0, 0),
(163, 43, 546, 1163, '2021-04-20 15:59:42', 0, 0),
(164, 43, 566, 1164, '2021-04-20 16:02:54', 0, 0),
(165, 44, 741, 1165, '2021-04-20 16:18:28', 0, 0),
(166, 44, 741, 1166, '2021-04-20 16:18:28', 0, 0),
(167, 45, 742, 1167, '2021-04-20 16:25:26', 0, 0),
(168, 46, 500, 1168, '2021-04-20 16:30:01', 0, 0),
(169, 46, 500, 1169, '2021-04-20 16:30:01', 0, 0),
(170, 46, 571, 1170, '2021-04-20 16:30:24', 0, 0),
(171, 46, 628, 1171, '2021-04-20 16:30:55', 0, 0),
(172, 46, 628, 1172, '2021-04-20 16:30:55', 0, 0),
(173, 46, 696, 1173, '2021-04-20 16:31:20', 0, 0),
(174, 46, 736, 1174, '2021-04-20 16:31:46', 0, 0),
(175, 46, 736, 1175, '2021-04-20 16:31:46', 0, 0),
(176, 47, 745, 1176, '2021-04-20 18:40:30', 0, 0),
(177, 48, 733, 1177, '2021-04-20 19:19:39', 0, 0),
(178, 48, 733, 1178, '2021-04-20 19:19:39', 0, 0),
(179, 49, 727, 1179, '2021-04-20 19:56:10', 0, 0),
(180, 49, 499, 1180, '2021-04-20 19:57:28', 0, 0),
(181, 49, 436, 1181, '2021-04-20 19:57:51', 0, 0),
(182, 49, 436, 1182, '2021-04-20 19:57:51', 0, 0),
(183, 50, 725, 1183, '2021-04-20 20:10:19', 0, 0),
(184, 53, 721, 1184, '2021-04-20 20:35:41', 0, 0),
(185, 53, 721, 1185, '2021-04-20 20:35:41', 0, 0),
(186, 53, 710, 1186, '2021-04-20 21:42:01', 0, 0),
(187, 54, 762, 1187, '2021-04-20 21:48:26', 0, 0),
(188, 55, 770, 1188, '2021-04-21 15:35:05', 0, 0),
(189, 55, 770, 1189, '2021-04-21 15:35:05', 0, 0),
(190, 55, 770, 1190, '2021-04-21 15:35:05', 0, 0),
(191, 56, 679, 1191, '2021-04-21 16:41:32', 0, 0),
(192, 56, 521, 1192, '2021-04-21 16:41:51', 0, 0),
(193, 56, 521, 1193, '2021-04-21 16:41:51', 0, 0),
(194, 56, 89, 1194, '2021-04-21 16:42:09', 0, 0),
(195, 56, 89, 1195, '2021-04-21 16:42:09', 0, 0),
(196, 57, 668, 1196, '2021-04-21 16:56:57', 0, 0),
(197, 30, 599, 1197, '2021-04-21 17:31:27', 0, 0),
(198, 30, 599, 1198, '2021-04-21 17:31:27', 0, 0),
(199, 58, 666, 1199, '2021-04-21 17:33:21', 0, 0),
(200, 59, 600, 1200, '2021-04-21 17:54:05', 0, 0),
(201, 60, 597, 1201, '2021-04-21 18:05:17', 0, 0),
(202, 61, 582, 1202, '2021-04-21 18:14:06', 0, 0),
(203, 62, 556, 1203, '2021-04-21 18:24:46', 0, 0),
(204, 26, 773, 1204, '2021-04-21 18:46:50', 0, 0),
(205, 63, 700, 1205, '2021-04-21 18:48:00', 0, 0),
(206, 63, 700, 1206, '2021-04-21 18:48:00', 0, 0),
(207, 63, 700, 1207, '2021-04-21 18:48:00', 0, 0),
(208, 63, 700, 1208, '2021-04-21 18:48:00', 0, 0),
(209, 64, 547, 1209, '2021-04-21 18:55:35', 0, 0),
(210, 65, 512, 1210, '2021-04-21 19:01:58', 0, 0),
(211, 66, 501, 1211, '2021-04-21 19:08:39', 0, 0),
(212, 67, 492, 1212, '2021-04-21 19:25:41', 0, 0),
(213, 58, 488, 1213, '2021-04-21 19:28:19', 0, 0),
(214, 68, 374, 1214, '2021-04-21 19:37:43', 0, 0),
(215, 59, 356, 1215, '2021-04-21 19:42:30', 0, 0),
(216, 59, 356, 1216, '2021-04-21 19:42:30', 0, 0),
(217, 70, 735, 1217, '2021-04-21 19:45:34', 0, 0),
(218, 71, 743, 1218, '2021-04-21 19:49:27', 0, 0),
(219, 72, 373, 1219, '2021-04-21 19:51:01', 0, 0),
(220, 72, 373, 1220, '2021-04-21 19:51:01', 0, 0),
(221, 73, 747, 1221, '2021-04-21 19:53:46', 0, 0),
(222, 73, 747, 1222, '2021-04-21 19:53:46', 0, 0),
(223, 73, 747, 1223, '2021-04-21 19:53:46', 0, 0),
(224, 74, 355, 1224, '2021-04-21 19:59:07', 0, 0),
(225, 75, 784, 1225, '2021-04-21 20:12:45', 0, 0),
(226, 76, 786, 1226, '2021-04-21 20:18:23', 0, 0),
(227, 77, 724, 1227, '2021-04-21 20:32:38', 0, 0),
(228, 77, 724, 1228, '2021-04-21 20:32:38', 0, 0),
(229, 77, 724, 1229, '2021-04-21 20:32:38', 0, 0),
(230, 78, 691, 1230, '2021-04-21 21:18:43', 0, 0),
(231, 78, 690, 1231, '2021-04-21 21:19:10', 0, 0),
(232, 79, 101, 1232, '2021-04-21 21:30:08', 0, 0),
(233, 79, 101, 1233, '2021-04-21 21:30:08', 0, 0),
(234, 79, 100, 1234, '2021-04-21 21:30:42', 0, 0),
(235, 79, 100, 1235, '2021-04-21 21:30:42', 0, 0),
(236, 80, 749, 1236, '2021-04-21 22:18:38', 0, 0),
(237, 80, 750, 1237, '2021-04-22 01:38:04', 0, 0),
(238, 80, 750, 1238, '2021-04-22 01:38:04', 0, 0),
(239, 80, 750, 1239, '2021-04-22 01:38:04', 0, 0),
(240, 80, 750, 1240, '2021-04-22 01:38:04', 0, 0),
(241, 80, 750, 1241, '2021-04-22 01:38:04', 0, 0),
(242, 80, 750, 1242, '2021-04-22 01:38:04', 0, 0),
(243, 81, 780, 1243, '2021-04-22 01:51:20', 0, 0),
(244, 25, 765, 1244, '2021-04-22 14:28:46', 0, 0),
(245, 83, 809, 1245, '2021-04-22 16:56:23', 0, 0),
(246, 1, 9, 1246, '2021-04-26 19:05:26', 0, 0),
(247, 1, 14, 1247, '2021-04-26 19:10:04', 0, 0);

-- --------------------------------------------------------

--
-- Estructura de tabla para la tabla `descartados`
--

CREATE TABLE `descartados` (
  `id` int(11) NOT NULL,
  `idParticipante` int(11) NOT NULL,
  `premio` text COLLATE utf8_spanish_ci NOT NULL,
  `fecha` timestamp NOT NULL DEFAULT current_timestamp()
) ENGINE=InnoDB DEFAULT CHARSET=utf8 COLLATE=utf8_spanish_ci;

-- --------------------------------------------------------

--
-- Estructura de tabla para la tabla `facturas`
--

CREATE TABLE `facturas` (
  `id` int(11) NOT NULL,
  `cliente` text COLLATE utf8_spanish_ci NOT NULL,
  `serie` text COLLATE utf8_spanish_ci NOT NULL,
  `folio` text COLLATE utf8_spanish_ci NOT NULL,
  `total` double NOT NULL,
  `fechaFactura` date NOT NULL,
  `elegida` int(11) NOT NULL,
  `cancelado` int(11) NOT NULL
) ENGINE=InnoDB DEFAULT CHARSET=utf8 COLLATE=utf8_spanish_ci;

--
-- Volcado de datos para la tabla `facturas`
--

INSERT INTO `facturas` (`id`, `cliente`, `serie`, `folio`, `total`, `fechaFactura`, `elegida`, `cancelado`) VALUES
(1, 'MARTINEZ MARIN ADAN', 'FACP', '21749', 144, '2021-04-01', 0, 0),
(2, 'LOGISTICOS AJUECH EMPRESARIALES DE TURISMO S DE RL DE CV.', 'FACP', '21750', 152.01, '2021-04-01', 0, 0),
(3, 'CLIENTE MOSTRADOR', 'FACP', '21751', 208, '2021-04-01', 0, 0),
(4, 'CLIENTE MOSTRADOR', 'FACP', '21752', 1731, '2021-04-01', 0, 0),
(5, 'CLIENTE MOSTRADOR', 'FACP', '21753', 462, '2021-04-01', 0, 0),
(6, 'CLIENTE MOSTRADOR', 'FACP', '21754', 246.5, '2021-04-01', 0, 0),
(7, 'CLIENTE MOSTRADOR', 'FACP', '21755', 104.01, '2021-04-01', 0, 0),
(8, 'CESAR HUMBERTO ESTRADA BRAVO', 'FACP', '21756', 170.1, '2021-04-01', 0, 0),
(9, 'LESLY FLORES SALAS', 'FACP', '21757', 777, '2021-04-01', 1, 0),
(10, 'CLIENTE MOSTRADOR', 'FACP', '21758', 60, '2021-04-01', 0, 0),
(11, 'CLIENTE MOSTRADOR', 'FACP', '21759', 163, '2021-04-01', 0, 0),
(12, 'CLIENTE MOSTRADOR', 'FACP', '21760', 190, '2021-04-01', 0, 0),
(13, 'BOBGART URIBE BAUTISTA', 'FACP', '21761', 440, '2021-04-01', 0, 0),
(14, 'AMELIA SANCHEZ SAAVEDRA', 'FACP', '21762', 1079.99, '2021-04-01', 1, 0),
(15, 'CLIENTE MOSTRADOR', 'FACP', '21763', 118, '2021-04-01', 0, 0),
(16, 'LESLY FLORES SALAS', 'FACP', '21764', 182, '2021-04-01', 0, 0),
(17, 'IVAN GONZALEZ ARELLANO', 'FACP', '21765', 498, '2021-04-01', 0, 0),
(18, 'CLIENTE MOSTRADOR', 'FACP', '21766', 234, '2021-04-01', 0, 0),
(19, 'CLIENTE MOSTRADOR', 'FACP', '21767', 76, '2021-04-01', 0, 0),
(20, 'CLIENTE MOSTRADOR', 'FACP', '21768', 3557.37, '2021-04-01', 0, 0),
(21, 'CUAYA TOXCOYOA FELIPA', 'FACP', '21769', 660.01, '2021-04-01', 0, 0),
(22, 'EDITH MARTINEZ VELA', 'FACP', '21770', 410.01, '2021-04-01', 0, 0),
(23, 'FISCHER TUBTECH, S.A DE C.V.', 'FACP', '21771', 8277.61, '2021-04-01', 0, 0),
(24, 'CLIENTE MOSTRADOR', 'FACP', '21772', 1618, '2021-04-01', 0, 0),
(25, 'CHRISTIAN ALEJANDRO ESTEVEZ PAREDES', 'FACP', '21773', 274, '2021-04-01', 0, 0),
(26, 'GAUDENCIO GREGORIO MENDOZA PALMA', 'FARF', '23213', 930, '2021-04-01', 0, 0),
(27, 'GAUDENCIO GREGORIO MENDOZA PALMA', 'FARF', '23214', 930, '2021-04-01', 0, 0),
(28, 'CLIENTE MOSTRADOR', 'FARF', '23215', 514, '2021-04-01', 0, 0),
(29, 'CLIENTE MOSTRADOR', 'FARF', '23216', 180, '2021-04-01', 0, 0),
(30, 'CLIENTE MOSTRADOR', 'FARF', '23218', 348, '2021-04-01', 0, 0),
(31, 'MULLER REPAIR CENTER', 'FARF', '23219', 1411.2, '2021-04-01', 0, 0),
(32, 'MULLER REPAIR CENTER', 'FARF', '23220', 433.35, '2021-04-01', 0, 0),
(33, 'MULLER REPAIR CENTER', 'FARF', '23221', 248.4, '2021-04-01', 0, 0),
(34, 'MULLER REPAIR CENTER', 'FARF', '23222', 248.4, '2021-04-01', 0, 0),
(35, 'MULLER REPAIR CENTER', 'FARF', '23223', 551.7, '2021-04-01', 0, 0),
(36, 'FASCIAS ECOLOGICAS DE MEXICO S.A DE C.V', 'FARF', '23224', 1040.49, '2021-04-01', 0, 0),
(37, 'CLIENTE MOSTRADOR', 'FARF', '23225', 627.26, '2021-04-01', 0, 0),
(38, 'CLIENTE MOSTRADOR', 'FARF', '23226', 510, '2021-04-01', 0, 0),
(39, 'JORGE LUIS CORDERO LARA', 'FARF', '23227', 313.98, '2021-04-01', 0, 0),
(40, 'CLIENTE MOSTRADOR', 'FARF', '23228', 204, '2021-04-01', 0, 0),
(41, 'CLIENTE MOSTRADOR', 'FARF', '23229', 463.18, '2021-04-01', 0, 0),
(42, 'CLIENTE MOSTRADOR', 'FARF', '23230', 330, '2021-04-01', 0, 0),
(43, 'FASCIAS ECOLOGICAS DE MEXICO S.A DE C.V', 'FARF', '23231', 530.1, '2021-04-01', 0, 0),
(44, 'CLIENTE MOSTRADOR', 'FARF', '23232', 84, '2021-04-01', 0, 0),
(45, 'EDGAR BERMUDEZ HERNANDEZ', 'FARF', '23233', 260, '2021-04-01', 0, 0),
(46, 'LILIANA MARTINEZ SANCHEZ', 'FARF', '23234', 180, '2021-04-01', 0, 0),
(47, 'CLIENTE MOSTRADOR', 'FARF', '23235', 260.95, '2021-04-01', 0, 0),
(48, 'CLIENTE MOSTRADOR', 'FARF', '23236', 446.4, '2021-04-01', 0, 0),
(49, 'MULLER REPAIR CENTER', 'FARF', '23237', 265.5, '2021-04-01', 0, 0),
(50, 'MULLER REPAIR CENTER', 'FARF', '23238', 442.81, '2021-04-01', 0, 0),
(51, 'CLIENTE MOSTRADOR', 'FARF', '23239', 40, '2021-04-01', 0, 0),
(52, 'FLORES IBARRA GIOVANNI', 'FARF', '23240', 108, '2021-04-01', 0, 0),
(53, 'CLIENTE MOSTRADOR', 'FARF', '23241', 575, '2021-04-01', 0, 0),
(54, 'CLIENTE MOSTRADOR', 'FARF', '23242', 852.99, '2021-04-01', 0, 0),
(55, 'CLIENTE MOSTRADOR', 'FASM', '32640', 430.19, '2021-04-01', 0, 0),
(56, 'CLIENTE MOSTRADOR', 'FASM', '32641', 224.1, '2021-04-01', 0, 0),
(57, 'CLIENTE MOSTRADOR', 'FASM', '32642', 759, '2021-04-01', 0, 0),
(58, 'CLIENTE MOSTRADOR', 'FASM', '32643', 276.01, '2021-04-01', 0, 0),
(59, 'GUILLERMO LOPEZ MUÑOZ', 'FASM', '32644', 353.61, '2021-04-01', 0, 0),
(60, 'CLIENTE MOSTRADOR', 'FASM', '32645', 303, '2021-04-01', 0, 0),
(61, 'CLIENTE MOSTRADOR', 'FASM', '32646', 13, '2021-04-01', 0, 0),
(62, 'TLAMANAL FLORES JAQUELINE', 'FASM', '32647', 542.6, '2021-04-01', 0, 0),
(63, 'VALENCIA HERNANDEZ BENJAMIN', 'FASM', '32648', 216.32, '2021-04-01', 0, 0),
(64, 'LUNA REYES MINERVA AMALIA', 'FASM', '32649', 162.41, '2021-04-01', 0, 0),
(65, 'CLIENTE MOSTRADOR', 'FASM', '32650', 249.02, '2021-04-01', 0, 0),
(66, 'DOCTOR MEDIA S.A DE C.V', 'FASM', '32651', 2091.36, '2021-04-01', 0, 0),
(67, 'CLIENTE MOSTRADOR', 'FASM', '32652', 126.95, '2021-04-01', 0, 0),
(68, 'CLIENTE MOSTRADOR', 'FASM', '32653', 461, '2021-04-01', 0, 0),
(69, 'PEREZ ALTAMIRANO HAZAEL', 'FASM', '32654', 446.1, '2021-04-01', 0, 0),
(70, 'CLIENTE MOSTRADOR', 'FASM', '32655', 104.01, '2021-04-01', 0, 0),
(71, 'JESUS LEON RODRIGUEZ', 'FASM', '32656', 5903.25, '2021-04-01', 0, 0),
(72, 'CLIENTE MOSTRADOR', 'FASM', '32657', 49.5, '2021-04-01', 0, 0),
(73, 'CLIENTE MOSTRADOR', 'FASM', '32658', 127, '2021-04-01', 0, 0),
(74, 'AUTOMOTRIZ OSORNO, S.A.DE C.V.', 'FASM', '32659', 660.01, '2021-04-01', 0, 0),
(75, 'CLIENTE MOSTRADOR', 'FASM', '32660', 72, '2021-04-01', 0, 0),
(76, 'CLIENTE MOSTRADOR', 'FASM', '32661', 345.1, '2021-04-01', 0, 0),
(77, 'CLIENTE MOSTRADOR', 'FASM', '32662', 1294.74, '2021-04-01', 0, 0),
(78, 'JOSE GUADALUPE ARCE GOMEZ', 'FASM', '32663', 463.25, '2021-04-01', 0, 0),
(79, 'CLIENTE MOSTRADOR', 'FASM', '32664', 108, '2021-04-01', 0, 0),
(80, 'JOSE GUADALUPE ARCE GOMEZ', 'FASM', '32665', 1541.93, '2021-04-01', 1, 0),
(81, 'DOCTOR MEDIA S.A DE C.V', 'FASM', '32666', 442.8, '2021-04-01', 0, 0),
(82, 'CLIENTE MOSTRADOR', 'FASM', '32667', 52, '2021-04-01', 0, 0),
(83, 'CLIENTE MOSTRADOR', 'FASM', '32668', 57, '2021-04-01', 0, 0),
(84, 'SONIA ANGELICA PORTILLO LOMELI', 'FASM', '32669', 128, '2021-04-01', 0, 0),
(85, 'CLIENTE MOSTRADOR', 'FASM', '32670', 298, '2021-04-01', 0, 0),
(86, 'LUNA REYES MINERVA AMALIA', 'FASM', '32671', 353.62, '2021-04-01', 0, 0),
(87, 'SG AUTOMOTRIZ SA DE VC', 'FATR', '14958', 330, '2021-04-01', 0, 0),
(88, 'CLIENTE MOSTRADOR TORRES', 'FATR', '14959', 183.99, '2021-04-01', 0, 0),
(89, 'HERRSIL CARGA EN MOVIMIENTO', 'FATR', '14960', 1549.09, '2021-04-01', 1, 0),
(90, 'ANABEL RAMOS PALA', 'FATR', '14961', 486.1, '2021-04-01', 0, 0),
(91, 'MORA MACIP EVARISTO EMILIO', 'FATR', '14962', 605.92, '2021-04-01', 0, 0),
(92, 'FREGOSO TRACONIS ENRIQUE', 'FATR', '14963', 8840.15, '2021-04-01', 1, 0),
(93, 'CLIENTE MOSTRADOR TORRES', 'FATR', '14964', 108, '2021-04-01', 0, 0),
(94, 'CLIENTE MOSTRADOR TORRES', 'FATR', '14965', 27, '2021-04-01', 0, 0),
(95, 'HUGO ALFREDO MORALES ARROYO', 'FATR', '14966', 737.7, '2021-04-01', 0, 0),
(96, 'CLIENTE MOSTRADOR TORRES', 'FATR', '14967', 52, '2021-04-01', 0, 0),
(97, 'CLIENTE MOSTRADOR TORRES', 'FATR', '14968', 71.74, '2021-04-01', 0, 0),
(98, 'ANABEL RAMOS PALA', 'FATR', '14969', 456.22, '2021-04-01', 0, 0),
(99, 'CLIENTE MOSTRADOR TORRES', 'FATR', '14970', 144, '2021-04-01', 0, 0),
(100, 'ALVARADO CARMONA HILDA', 'FATR', '14971', 1808.26, '2021-04-01', 1, 0),
(101, 'ALVARADO CARMONA HILDA', 'FATR', '14972', 1645.75, '2021-04-01', 1, 0),
(102, 'CLIENTE MOSTRADOR TORRES', 'FATR', '14973', 51, '2021-04-01', 0, 0),
(103, 'TALLER BICIS', 'FATR', '14974', 75.01, '2021-04-01', 0, 0),
(104, 'FREGOSO TRACONIS ENRIQUE', 'FATR', '14975', 62, '2021-04-01', 0, 0),
(105, 'CLIENTE MOSTRADOR TORRES', 'FATR', '14976', 690.84, '2021-04-01', 0, 0),
(106, 'IVY INMAN PERALDI MARTINEZ', 'FASG', '15367', 330, '2021-04-01', 0, 0),
(107, 'CLIENTE MOSTRADOR', 'FASG', '15368', 106, '2021-04-01', 0, 0),
(108, 'SAMUEL JONATHAN VERA COYOTL', 'FASG', '15369', 232, '2021-04-01', 0, 0),
(109, 'CLIENTE MOSTRADOR', 'FASG', '15370', 1047.19, '2021-04-01', 0, 0),
(110, 'CLIENTE MOSTRADOR', 'FASG', '15371', 71.99, '2021-04-01', 0, 0),
(111, 'SOLAR FLORES ANA LAURA', 'FASG', '15372', 156.99, '2021-04-01', 0, 0),
(112, 'CLIENTE MOSTRADOR', 'FASG', '15373', 127, '2021-04-01', 0, 0),
(113, 'MULTIACABADOS DE MEXICO SA DE CV', 'FASG', '15374', 330, '2021-04-01', 0, 0),
(114, 'CLIENTE MOSTRADOR', 'FASG', '15375', 530, '2021-04-01', 0, 0),
(115, 'CLIENTE MOSTRADOR', 'FASG', '15376', 330, '2021-04-01', 0, 0),
(116, 'PEREGRINA AUTOMOTRIZ DEL CENTRO SA DE CV', 'FASG', '15377', 5800.2, '2021-04-01', 0, 0),
(117, 'MELENDEZ DIEGO LUZ MARIA', 'FASG', '15378', 1585.26, '2021-04-01', 0, 0),
(118, 'MANUEL RAMOS', 'FASG', '15379', 384.59, '2021-04-01', 0, 0),
(119, 'MENDOZA HERNANDEZ MARIO', 'FASG', '15380', 90, '2021-04-01', 0, 0),
(120, 'VICTORIA EUGENIA FIERRO BRISEÑO', 'FASG', '15381', 975.3, '2021-04-01', 0, 0),
(121, 'CLIENTE MOSTRADOR', 'FASG', '15382', 293, '2021-04-01', 0, 0),
(122, 'CLIENTE MOSTRADOR', 'FASG', '15383', 1580.69, '2021-04-01', 0, 0),
(123, 'CLIENTE MOSTRADOR', 'FASG', '15384', 68, '2021-04-01', 0, 0),
(124, 'CLIENTE MOSTRADOR', 'FASG', '15385', 110, '2021-04-01', 0, 0),
(125, 'CLIENTE MOSTRADOR', 'FASG', '15386', 218.99, '2021-04-01', 0, 0),
(126, 'JOSE RAFAEL SALGADO RODRIGUEZ', 'FASG', '15387', 782.7, '2021-04-01', 0, 0),
(127, 'CLIENTE MOSTRADOR', 'FASG', '15388', 666.4, '2021-04-01', 0, 0),
(128, 'REFACCIONES Y MATERIALES OLIMPO S DE RL DE CV', 'FASG', '15389', 507, '2021-04-01', 0, 0),
(129, 'CLIENTE MOSTRADOR TORRES', 'FATR', '14977', 117, '2021-04-01', 0, 0),
(130, 'CLIENTE MOSTRADOR', 'FACP', '21774', 2275.04, '2021-04-03', 0, 0),
(131, 'CLIENTE MOSTRADOR', 'FACP', '21775', 555.51, '2021-04-03', 0, 0),
(132, 'AMELIA SANCHEZ SAAVEDRA', 'FACP', '21776', 425, '2021-04-03', 0, 0),
(133, 'CLIENTE MOSTRADOR', 'FACP', '21777', 98.99, '2021-04-03', 0, 0),
(134, 'CLIENTE MOSTRADOR', 'FACP', '21778', 54, '2021-04-03', 0, 0),
(135, 'CLIENTE MOSTRADOR', 'FACP', '21779', 181.99, '2021-04-03', 0, 0),
(136, 'CLIENTE MOSTRADOR', 'FACP', '21780', 332.01, '2021-04-03', 0, 0),
(137, 'CLIENTE MOSTRADOR', 'FACP', '21781', 358, '2021-04-03', 0, 0),
(138, 'CLIENTE MOSTRADOR', 'FACP', '21782', 1280.04, '2021-04-03', 0, 0),
(139, 'CLIENTE MOSTRADOR', 'FACP', '21783', 3513.3, '2021-04-03', 0, 0),
(140, 'CLIENTE MOSTRADOR', 'FACP', '21784', 142, '2021-04-03', 0, 0),
(141, 'CLIENTE MOSTRADOR', 'FASM', '32672', 361.01, '2021-04-03', 0, 0),
(142, 'CLIENTE MOSTRADOR', 'FASM', '32673', 346.98, '2021-04-03', 0, 0),
(143, 'CLIENTE MOSTRADOR', 'FASM', '32674', 228, '2021-04-03', 0, 0),
(144, 'CLIENTE MOSTRADOR', 'FASM', '32675', 151.5, '2021-04-03', 0, 0),
(145, 'CLIENTE MOSTRADOR', 'FASM', '32676', 253.65, '2021-04-03', 0, 0),
(146, 'CLIENTE MOSTRADOR', 'FASM', '32677', 345.1, '2021-04-03', 0, 0),
(147, 'CLIENTE MOSTRADOR', 'FASM', '32678', 143.99, '2021-04-03', 0, 0),
(148, 'CLIENTE MOSTRADOR', 'FASM', '32679', 52, '2021-04-03', 0, 0),
(149, 'CLIENTE MOSTRADOR', 'FASM', '32680', 220.01, '2021-04-03', 0, 0),
(150, 'CLIENTE MOSTRADOR', 'FASM', '32681', 378.01, '2021-04-03', 0, 0),
(151, 'CLIENTE MOSTRADOR', 'FASM', '32682', 178, '2021-04-03', 0, 0),
(152, 'AYALA VELEZ JORGE', 'FASM', '32683', 172.85, '2021-04-03', 0, 0),
(153, 'CLIENTE MOSTRADOR', 'FASM', '32684', 227, '2021-04-03', 0, 0),
(154, 'MICHEL JASMANI ESPEJEL', 'FASM', '32685', 435.8, '2021-04-03', 0, 0),
(155, 'CLIENTE MOSTRADOR', 'FARF', '23243', 69.99, '2021-04-03', 0, 0),
(156, 'CLIENTE MOSTRADOR', 'FARF', '23244', 790.82, '2021-04-03', 0, 0),
(157, 'CLIENTE MOSTRADOR', 'FARF', '23245', 1170.21, '2021-04-03', 0, 0),
(158, 'CLIENTE MOSTRADOR', 'FARF', '23246', 687.2, '2021-04-03', 0, 0),
(159, 'CLIENTE MOSTRADOR', 'FARF', '23247', 113.99, '2021-04-03', 0, 0),
(160, 'CLIENTE MOSTRADOR', 'FARF', '23248', 105, '2021-04-03', 0, 0),
(161, 'CLIENTE MOSTRADOR', 'FARF', '23249', 120, '2021-04-03', 0, 0),
(162, 'CLIENTE MOSTRADOR', 'FARF', '23250', 180, '2021-04-03', 0, 0),
(163, 'CLIENTE MOSTRADOR', 'FARF', '23251', 156, '2021-04-03', 0, 0),
(164, 'CLIENTE MOSTRADOR', 'FARF', '23252', 551, '2021-04-03', 0, 0),
(165, 'CLIENTE MOSTRADOR', 'FARF', '23253', 419.4, '2021-04-03', 0, 0),
(166, 'RZ MOTORS SA DE CV', 'FARF', '23254', 331.2, '2021-04-03', 0, 0),
(167, 'FABIOLA LUNA HERRADA', 'FARF', '23255', 26, '2021-04-03', 0, 0),
(168, 'MULLER REPAIR CENTER', 'FARF', '23256', 373.5, '2021-04-03', 0, 0),
(169, 'ALVARO RAMIREZ HERNANDEZ', 'FARF', '23257', 130, '2021-04-03', 0, 0),
(170, 'CLIENTE MOSTRADOR', 'FASG', '15390', 242, '2021-04-03', 0, 0),
(171, 'CLIENTE MOSTRADOR', 'FASG', '15391', 108, '2021-04-03', 0, 0),
(172, 'CLIENTE MOSTRADOR', 'FASG', '15392', 256.98, '2021-04-03', 0, 0),
(173, 'CLIENTE MOSTRADOR TORRES', 'FATR', '14978', 170.99, '2021-04-03', 0, 0),
(174, 'CLIENTE MOSTRADOR TORRES', 'FATR', '14979', 154, '2021-04-03', 0, 0),
(175, 'CLIENTE MOSTRADOR TORRES', 'FATR', '14980', 209, '2021-04-03', 0, 0),
(176, 'CLIENTE MOSTRADOR TORRES', 'FATR', '14981', 158.01, '2021-04-03', 0, 0),
(177, 'CLIENTE MOSTRADOR TORRES', 'FATR', '14982', 127.99, '2021-04-03', 0, 0),
(178, 'CLIENTE MOSTRADOR TORRES', 'FATR', '14983', 54, '2021-04-03', 0, 0),
(179, 'JUAN NAVARRO HERNANDEZ', 'FATR', '14984', 328, '2021-04-03', 0, 0),
(180, 'CLIENTE MOSTRADOR TORRES', 'FATR', '14985', 77, '2021-04-03', 0, 0),
(181, 'CLIENTE MOSTRADOR TORRES', 'FATR', '14986', 100, '2021-04-03', 0, 0),
(182, 'CLIENTE MOSTRADOR TORRES', 'FATR', '14987', 185, '2021-04-03', 0, 0),
(183, 'CLIENTE MOSTRADOR TORRES', 'FATR', '14988', 463, '2021-04-03', 0, 0),
(184, 'CLIENTE MOSTRADOR TORRES', 'FATR', '14989', 188.7, '2021-04-03', 0, 0),
(185, 'CLIENTE MOSTRADOR TORRES', 'FATR', '14990', 349, '2021-04-03', 0, 0),
(186, 'CLIENTE MOSTRADOR TORRES', 'FATR', '14991', 32, '2021-04-03', 0, 0),
(187, 'CLIENTE MOSTRADOR TORRES', 'FATR', '14992', 74, '2021-04-03', 0, 0),
(188, 'CLIENTE MOSTRADOR TORRES', 'FATR', '14993', 264.9, '2021-04-03', 0, 0),
(189, 'CLIENTE MOSTRADOR TORRES', 'FATR', '14994', 32, '2021-04-03', 0, 0),
(190, 'CLIENTE MOSTRADOR TORRES', 'FATR', '14995', 33, '2021-04-03', 0, 0),
(191, 'CLIENTE MOSTRADOR TORRES', 'FATR', '14996', 62, '2021-04-03', 0, 0),
(192, 'CLIENTE MOSTRADOR', 'FARF', '23258', 381.01, '2021-04-05', 0, 0),
(193, 'CLIENTE MOSTRADOR', 'FARF', '23259', 100.15, '2021-04-05', 0, 0),
(194, 'JOSE FRANCISCO BERNARDINO SAUCEDO CARRANZA', 'FARF', '23260', 276.3, '2021-04-05', 0, 0),
(195, 'JOSE FRANCISCO BERNARDINO SAUCEDO CARRANZA', 'FARF', '23261', 373.5, '2021-04-05', 0, 0),
(196, 'APOLINAR GARCIA GARCIA', 'FARF', '23262', 209.99, '2021-04-05', 0, 0),
(197, 'CLIENTE MOSTRADOR', 'FARF', '23263', 265.5, '2021-04-05', 0, 0),
(198, 'FERNANDO JAIME GALINDO JIMENEZ', 'FARF', '23264', 731.17, '2021-04-05', 0, 0),
(199, 'FASCIAS ECOLOGICAS DE MEXICO S.A DE C.V', 'FARF', '23265', 1255.2, '2021-04-05', 0, 0),
(200, 'CLIENTE MOSTRADOR', 'FARF', '23266', 108, '2021-04-05', 0, 0),
(201, 'HUERTA AUTOMOTRIZ S. A. DE C. V.', 'FARF', '23267', 2614.48, '2021-04-05', 0, 0),
(202, 'CLIENTE MOSTRADOR', 'FARF', '23268', 805.5, '2021-04-05', 0, 0),
(203, 'BRIONES GRUPO INDUSTRIAL DE PUEBLA S.A. DE C.V.', 'FARF', '23269', 520, '2021-04-05', 0, 0),
(204, 'CLIENTE MOSTRADOR', 'FARF', '23270', 250, '2021-04-05', 0, 0),
(205, 'LILIANA MARTINEZ SANCHEZ', 'FARF', '23271', 264, '2021-04-05', 0, 0),
(206, 'CLIENTE MOSTRADOR', 'FARF', '23272', 1473, '2021-04-05', 0, 0),
(207, 'CLIENTE MOSTRADOR', 'FARF', '23273', 108, '2021-04-05', 0, 0),
(208, 'CLIENTE MOSTRADOR', 'FARF', '23274', 783, '2021-04-05', 0, 0),
(209, 'CLIENTE MOSTRADOR', 'FASM', '32686', 26, '2021-04-05', 0, 0),
(210, 'CLIENTE MOSTRADOR', 'FASM', '32687', 164.05, '2021-04-05', 0, 0),
(211, 'CLIENTE MOSTRADOR', 'FASM', '32688', 1390.02, '2021-04-05', 0, 0),
(212, 'CLIENTE MOSTRADOR', 'FASM', '32689', 77, '2021-04-05', 0, 0),
(213, 'JOSE GUADALUPE ARCE GOMEZ', 'FASM', '32690', 833.99, '2021-04-05', 1, 0),
(214, 'CLIENTE MOSTRADOR', 'FASM', '32691', 562.99, '2021-04-05', 0, 0),
(215, 'CLIENTE MOSTRADOR', 'FASM', '32692', 236.02, '2021-04-05', 0, 0),
(216, 'SONIA ALNGELICA PORTILLO LOMELI', 'FASM', '32693', 128, '2021-04-05', 0, 0),
(217, 'CLIENTE MOSTRADOR', 'FASM', '32694', 182, '2021-04-05', 0, 0),
(218, 'CLIENTE MOSTRADOR', 'FASM', '32695', 176.8, '2021-04-05', 0, 0),
(219, 'EXYRE SEGURIDAD Y EQUIPO CONTRA INCENDIO, S.A DE C.V.', 'FASM', '32696', 108, '2021-04-05', 0, 0),
(220, 'MATA JIMENEZ SANDRA', 'FASM', '32697', 291.2, '2021-04-05', 0, 0),
(221, 'CLIENTE MOSTRADOR', 'FASM', '32698', 204.6, '2021-04-05', 0, 0),
(222, 'CLIENTE MOSTRADOR', 'FASM', '32699', 83, '2021-04-05', 0, 0),
(223, 'CLIENTE MOSTRADOR', 'FASM', '32700', 330, '2021-04-05', 0, 0),
(224, 'CLIENTE MOSTRADOR', 'FASM', '32701', 1054.6, '2021-04-05', 0, 0),
(225, 'CLIENTE MOSTRADOR', 'FASM', '32702', 359.99, '2021-04-05', 0, 0),
(226, 'INSTITUTO ORIENTE DE PUEBLA A.C.', 'FASM', '32703', 3666.99, '2021-04-05', 0, 0),
(227, 'JOSE GUADALUPE ARCE GOMEZ', 'FASM', '32704', 1538.51, '2021-04-05', 1, 0),
(228, 'CLIENTE MOSTRADOR', 'FASM', '32705', 180, '2021-04-05', 0, 0),
(229, 'GS TECHNICAL PERFORMANCE SA DE CV', 'FASM', '32706', 1837.21, '2021-04-05', 0, 0),
(230, 'CLIENTE MOSTRADOR', 'FASM', '32707', 103, '2021-04-05', 0, 0),
(231, 'CLIENTE MOSTRADOR', 'FASM', '32708', 532.12, '2021-04-05', 0, 0),
(232, 'CLIENTE MOSTRADOR', 'FASM', '32709', 111.35, '2021-04-05', 0, 0),
(233, 'CLIENTE MOSTRADOR', 'FASM', '32710', 54, '2021-04-05', 0, 0),
(234, 'CLIENTE MOSTRADOR', 'FASM', '32711', 26, '2021-04-05', 0, 0),
(235, 'CLIENTE MOSTRADOR', 'FASM', '32712', 78, '2021-04-05', 0, 0),
(236, 'GUILLERMO LOPEZ MUÑOZ', 'FASM', '32713', 423.32, '2021-04-05', 0, 0),
(237, 'CLIENTE MOSTRADOR', 'FASM', '32714', 294.56, '2021-04-05', 0, 0),
(238, 'CLIENTE MOSTRADOR', 'FASM', '32715', 244, '2021-04-05', 0, 0),
(239, 'CLIENTE MOSTRADOR', 'FASM', '32716', 206.55, '2021-04-05', 0, 0),
(240, 'PROMAND CLEAN SA DE CV', 'FASM', '32717', 112.42, '2021-04-05', 0, 0),
(241, 'CLIENTE MOSTRADOR', 'FASM', '32718', 42.01, '2021-04-05', 0, 0),
(242, 'CLIENTE MOSTRADOR', 'FASM', '32719', 159.5, '2021-04-05', 0, 0),
(243, 'CLIENTE MOSTRADOR', 'FASM', '32720', 75.99, '2021-04-05', 0, 0),
(244, 'CLIENTE MOSTRADOR', 'FASM', '32721', 68, '2021-04-05', 0, 0),
(245, 'CLIENTE MOSTRADOR', 'FASM', '32722', 41, '2021-04-05', 0, 0),
(246, 'CLIENTE MOSTRADOR', 'FASM', '32723', 211.65, '2021-04-05', 0, 0),
(247, 'GS TECHNICAL PERFORMANCE SA DE CV', 'FASM', '32724', 691.2, '2021-04-05', 0, 0),
(248, 'GS TECHNICAL PERFORMANCE SA DE CV', 'FASM', '32725', 1837.21, '2021-04-05', 0, 0),
(249, 'CLIENTE MOSTRADOR', 'FASM', '32726', 99.01, '2021-04-05', 0, 0),
(250, 'QUIROZ VALENCIA JULIO CESAR', 'FASM', '32727', 206.55, '2021-04-05', 0, 0),
(251, 'POLLO FELIZ DE PUEBLA, S.A. DE C.V.', 'FASM', '32728', 684.01, '2021-04-05', 0, 0),
(252, 'CLIENTE MOSTRADOR', 'FASM', '32729', 858.46, '2021-04-05', 0, 0),
(253, 'CLIENTE MOSTRADOR', 'FASG', '15393', 92, '2021-04-05', 0, 0),
(254, 'CLIENTE MOSTRADOR', 'FASG', '15394', 185, '2021-04-05', 0, 0),
(255, 'CLIENTE MOSTRADOR', 'FASG', '15395', 249.01, '2021-04-05', 0, 0),
(256, 'MARCO ANTONIO RAMIREZ SANCHEZ', 'FASG', '15396', 426, '2021-04-05', 0, 0),
(257, 'RICARDO ISAAC MARTINEZ MORENO', 'FASG', '15397', 160, '2021-04-05', 0, 0),
(258, 'MORALES RODRIGUEZ MARCO ANTONIO', 'FASG', '15398', 249.01, '2021-04-05', 0, 0),
(259, 'MULTISERVICIOS MC S.A. DE C.V.', 'FASG', '15399', 696, '2021-04-05', 0, 0),
(260, 'MOTORES ANGELOPOLIS', 'FASG', '15400', 4299.6, '2021-04-05', 0, 0),
(261, 'OLA PRINT SA DE CV', 'FASG', '15401', 222, '2021-04-05', 0, 0),
(262, 'SERVICIO TABARE', 'FASG', '15402', 394, '2021-04-05', 0, 0),
(263, 'AUTO REPARACIONES REDLINE SA DE CV', 'FASG', '15403', 3525.31, '2021-04-05', 0, 0),
(264, 'MELENDEZ DIEGO LUZ MARIA', 'FASG', '15404', 264.35, '2021-04-05', 0, 0),
(265, 'CLIENTE MOSTRADOR', 'FASG', '15405', 82, '2021-04-05', 0, 0),
(266, 'CLIENTE MOSTRADOR', 'FACP', '21785', 917.99, '2021-04-05', 0, 0),
(267, 'CLIENTE MOSTRADOR', 'FACP', '21786', 991, '2021-04-05', 0, 0),
(268, 'CLIENTE MOSTRADOR', 'FACP', '21787', 551, '2021-04-05', 0, 0),
(269, 'CLIENTE MOSTRADOR', 'FACP', '21788', 85, '2021-04-05', 0, 0),
(270, 'CLIENTE MOSTRADOR', 'FACP', '21789', 402, '2021-04-05', 0, 0),
(271, 'JOSE EDMUNDO PEREZ HERNANDEZ', 'FACP', '21790', 587, '2021-04-05', 0, 0),
(272, 'LINEASUNIDASDEL SURESTEPUEBLATEPEXIPETLACINGOACATLANY ANEXAS', 'FACP', '21791', 147, '2021-04-05', 0, 0),
(273, 'CLIENTE MOSTRADOR', 'FACP', '21792', 214.99, '2021-04-05', 0, 0),
(274, 'CLIENTE MOSTRADOR', 'FACP', '21793', 283.29, '2021-04-05', 0, 0),
(275, 'CLIENTE MOSTRADOR', 'FACP', '21794', 26, '2021-04-05', 0, 0),
(276, 'MONTAÑO ROBLES PABLO OCTAVIO', 'FACP', '21795', 800.7, '2021-04-05', 0, 0),
(277, 'MIGUEL ANGEL HUERTA VAZQUEZ', 'FACP', '21796', 451, '2021-04-05', 0, 0),
(278, 'NAIM ECHANIZ MOCTEZUMA', 'FACP', '21797', 165, '2021-04-05', 0, 0),
(279, 'CLIENTE MOSTRADOR', 'FACP', '21798', 428.01, '2021-04-05', 0, 0),
(280, 'MIGUEL ANGEL HUERTA VAZQUEZ', 'FACP', '21799', 61.99, '2021-04-05', 0, 0),
(281, 'CLIENTE MOSTRADOR', 'FACP', '21800', 1015, '2021-04-05', 0, 0),
(282, 'IVAN GONZALEZ ARELLANO', 'FACP', '21801', 441, '2021-04-05', 0, 0),
(283, 'CLIENTE MOSTRADOR', 'FACP', '21802', 330, '2021-04-05', 0, 0),
(284, 'CHRISTIAN ALEJANDRO ESTEVEZ PAREDES', 'FACP', '21803', 498, '2021-04-05', 0, 0),
(285, 'CLIENTE MOSTRADOR', 'FACP', '21804', 295, '2021-04-05', 0, 0),
(286, 'CASTILLO MORALES JOSE ALFREDO', 'FACP', '21805', 661.2, '2021-04-05', 0, 0),
(287, 'CLIENTE MOSTRADOR', 'FACP', '21806', 63, '2021-04-05', 0, 0),
(288, 'SORIANO SILVA ROGELIO', 'FACP', '21807', 330, '2021-04-05', 0, 0),
(289, 'CLIENTE MOSTRADOR', 'FACP', '21808', 420.29, '2021-04-05', 0, 0),
(290, 'CLIENTE MOSTRADOR', 'FACP', '21809', 729, '2021-04-05', 0, 0),
(291, 'JOSE MARIA CHRISTIAN CABALLERO', 'FACP', '21810', 339, '2021-04-05', 0, 0),
(292, 'CLIENTE MOSTRADOR', 'FACP', '21811', 19, '2021-04-05', 0, 0),
(293, 'CLIENTE MOSTRADOR', 'FACP', '21812', 125, '2021-04-05', 0, 0),
(294, 'IVAN GONZALEZ ARELLANO', 'FACP', '21813', 88, '2021-04-05', 0, 0),
(295, 'CAICEROS VAZQUEZ ALISON', 'FATR', '14997', 156.29, '2021-04-05', 0, 0),
(296, 'SG AUTOMOTRIZ SA DE VC', 'FATR', '14998', 330, '2021-04-05', 0, 0),
(297, 'JOSE ALFREDO CRUZ LOPEZ', 'FATR', '14999', 260, '2021-04-05', 0, 0),
(298, 'CLIENTE MOSTRADOR TORRES', 'FATR', '15000', 26, '2021-04-05', 0, 0),
(299, 'FREGOSO TRACONIS ENRIQUE', 'FATR', '15001', 2136.06, '2021-04-05', 1, 0),
(300, 'CLIENTE MOSTRADOR TORRES', 'FATR', '15002', 63, '2021-04-05', 0, 0),
(301, 'CLIENTE MOSTRADOR TORRES', 'FATR', '15003', 2993.99, '2021-04-05', 0, 0),
(302, 'CARLOS CHARLY', 'FATR', '15004', 484.76, '2021-04-05', 0, 0),
(303, 'QUIROZ VALENCIA JULIO CESAR', 'FATR', '15005', 260, '2021-04-05', 0, 0),
(304, 'CLIENTE MOSTRADOR TORRES', 'FATR', '15006', 1131, '2021-04-05', 0, 0),
(305, 'ROBERTO MEZA', 'FATR', '15007', 336.01, '2021-04-05', 0, 0),
(306, 'CLIENTE MOSTRADOR TORRES', 'FATR', '15008', 1498.99, '2021-04-05', 0, 0),
(307, 'CLIENTE MOSTRADOR TORRES', 'FATR', '15009', 472.89, '2021-04-05', 0, 0),
(308, 'CLIENTE MOSTRADOR TORRES', 'FATR', '15010', 54, '2021-04-05', 0, 0),
(309, 'MEXICANA DE MAQUINARIA DE PRESICION S.A DE C.V', 'FATR', '15011', 243.89, '2021-04-05', 0, 0),
(310, 'FREGOSO TRACONIS ENRIQUE', 'FATR', '15012', 857.66, '2021-04-05', 1, 0),
(311, 'CLIENTE MOSTRADOR TORRES', 'FATR', '15013', 330, '2021-04-05', 0, 0),
(312, 'CLIENTE MOSTRADOR TORRES', 'FATR', '15014', 54, '2021-04-05', 0, 0),
(313, 'FREGOSO TRACONIS ENRIQUE', 'FATR', '15015', 822.56, '2021-04-05', 1, 0),
(314, 'FERNANDO ZEPEDA', 'FATR', '15016', 184.3, '2021-04-05', 0, 0),
(315, 'MARIA ALBERTA VARGAS CABAÑAS', 'FASG', '15406', 359.99, '2021-04-06', 0, 0),
(316, 'CLIENTE MOSTRADOR', 'FASG', '15407', 349, '2021-04-06', 0, 0),
(317, 'CLIENTE MOSTRADOR', 'FASG', '15408', 122, '2021-04-06', 0, 0),
(318, 'SAISA DE PUEBLA SA DE CV', 'FASG', '15409', 267.75, '2021-04-06', 0, 0),
(319, 'CLIENTE MOSTRADOR', 'FASG', '15410', 273, '2021-04-06', 0, 0),
(320, 'SAISA DE PUEBLA SA DE CV', 'FASG', '15411', 3414.42, '2021-04-06', 0, 0),
(321, 'AUTOMOTRIZ REYES HUERTA, S.A DE C.V.', 'FASG', '15412', 494, '2021-04-06', 0, 0),
(322, 'PEREGRINA AUTOMOTRIZ DEL CENTRO SA DE CV', 'FASG', '15413', 175, '2021-04-06', 0, 0),
(323, 'CLIENTE MOSTRADOR', 'FASG', '15414', 330, '2021-04-06', 0, 0),
(324, 'CLIENTE MOSTRADOR', 'FASG', '15415', 260, '2021-04-06', 0, 0),
(325, 'CONGRESO DEL ESTADO', 'FASG', '15416', 853.1, '2021-04-06', 0, 0),
(326, 'CASTILLO MONTES JOSE RAYMUNDO', 'FASG', '15417', 218.69, '2021-04-06', 0, 0),
(327, 'SERVICIO GONZALEZ', 'FASG', '15418', 930.6, '2021-04-06', 0, 0),
(328, 'MELENDEZ DIEGO LUZ MARIA', 'FASG', '15419', 1817.29, '2021-04-06', 0, 0),
(329, 'MANUEL RAMOS', 'FASG', '15420', 208, '2021-04-06', 0, 0),
(330, 'SAMUEL JONATHAN VERA COYOTL', 'FASG', '15421', 1305, '2021-04-06', 0, 0),
(331, 'AZUA VITE ERIC', 'FASG', '15422', 3100.41, '2021-04-06', 0, 0),
(332, 'JUAN ANTOLIN GOMEZ BERRUECOS', 'FACP', '21814', 660.01, '2021-04-06', 0, 0),
(333, 'FABIOLA FLORES VAZQUEZ', 'FACP', '21815', 474, '2021-04-06', 0, 0),
(334, 'FABIOLA FLORES VAZQUEZ', 'FACP', '21816', 237, '2021-04-06', 0, 0),
(335, 'CLIENTE MOSTRADOR', 'FACP', '21817', 358, '2021-04-06', 0, 0),
(336, 'IVAN GONZALEZ ARELLANO', 'FACP', '21818', 391, '2021-04-06', 0, 0),
(337, 'CESAR HUMBERTO ESTRADA BRAVO', 'FACP', '21819', 2143.2, '2021-04-06', 1, 0),
(338, 'CLIENTE MOSTRADOR', 'FACP', '21820', 931, '2021-04-06', 0, 0),
(339, 'CLIENTE MOSTRADOR', 'FACP', '21821', 90, '2021-04-06', 0, 0),
(340, 'JOSE EDMUNDO PEREZ HERNANDEZ', 'FACP', '21822', 309, '2021-04-06', 0, 0),
(341, 'CLIENTE MOSTRADOR', 'FACP', '21823', 82.01, '2021-04-06', 0, 0),
(342, 'JOSMAR REFACCIONES Y SERVICIOS SA DE CV', 'FACP', '21824', 696, '2021-04-06', 0, 0),
(343, 'CLIENTE MOSTRADOR', 'FACP', '21825', 54, '2021-04-06', 0, 0),
(344, 'GERONIMO BAUTISTA ESCUDERO', 'FACP', '21826', 373.5, '2021-04-06', 0, 0),
(345, 'CLIENTE MOSTRADOR', 'FACP', '21827', 300.98, '2021-04-06', 0, 0),
(346, 'CLIENTE MOSTRADOR', 'FACP', '21828', 438, '2021-04-06', 0, 0),
(347, 'JOSE ANTONIO NAVARRO ALVARADO', 'FACP', '21829', 1259.03, '2021-04-06', 0, 0),
(348, 'CLIENTE MOSTRADOR', 'FACP', '21830', 657.99, '2021-04-06', 0, 0),
(349, 'JOSE EDMUNDO PEREZ HERNANDEZ', 'FACP', '21831', 274, '2021-04-06', 0, 0),
(350, 'CLIENTE MOSTRADOR', 'FACP', '21832', 38, '2021-04-06', 0, 0),
(351, 'CLIENTE MOSTRADOR', 'FACP', '21833', 457.01, '2021-04-06', 0, 0),
(352, 'CLIENTE MOSTRADOR', 'FACP', '21834', 208, '2021-04-06', 0, 0),
(353, 'CLIENTE MOSTRADOR TORRES', 'FATR', '15017', 218, '2021-04-06', 0, 0),
(354, 'CLIENTE MOSTRADOR TORRES', 'FATR', '15018', 53, '2021-04-06', 0, 0),
(355, 'OC ARQUITECTOS S.A. DE C.V', 'FATR', '15019', 1040, '2021-04-06', 1, 0),
(356, 'CAMACHO LOPEZ MARIA DEL CARMEN', 'FATR', '15020', 1625.4, '2021-04-06', 1, 0),
(357, 'CARLOS CHARLY', 'FATR', '15021', 173.05, '2021-04-06', 0, 0),
(358, 'CLIENTE MOSTRADOR TORRES', 'FATR', '15022', 14, '2021-04-06', 0, 0),
(359, 'CLIENTE MOSTRADOR TORRES', 'FATR', '15023', 330, '2021-04-06', 0, 0),
(360, 'MORA MACIP EVARISTO EMILIO', 'FATR', '15024', 188, '2021-04-06', 0, 0),
(361, 'CLIENTE MOSTRADOR TORRES', 'FATR', '15025', 38, '2021-04-06', 0, 0),
(362, 'FREGOSO TRACONIS ENRIQUE', 'FATR', '15026', 92, '2021-04-06', 0, 0),
(363, 'CLIENTE MOSTRADOR TORRES', 'FATR', '15027', 16, '2021-04-06', 0, 0),
(364, 'FLORES DARINEL', 'FATR', '15028', 226.95, '2021-04-06', 0, 0),
(365, 'FERNANDO ZEPEDA', 'FATR', '15029', 86, '2021-04-06', 0, 0),
(366, 'CLIENTE MOSTRADOR TORRES', 'FATR', '15030', 599.01, '2021-04-06', 0, 0),
(367, 'CLIENTE MOSTRADOR TORRES', 'FATR', '15031', 330, '2021-04-06', 0, 0),
(368, 'CLIENTE MOSTRADOR TORRES', 'FATR', '15032', 26, '2021-04-06', 0, 0),
(369, 'CLIENTE MOSTRADOR TORRES', 'FATR', '15033', 382, '2021-04-06', 0, 0),
(370, 'CLIENTE MOSTRADOR TORRES', 'FATR', '15034', 202, '2021-04-06', 0, 0),
(371, 'CLIENTE MOSTRADOR TORRES', 'FATR', '15035', 413.01, '2021-04-06', 0, 0),
(372, 'CLIENTE MOSTRADOR TORRES', 'FATR', '15036', 427.1, '2021-04-06', 0, 0),
(373, 'L.M. AGUILA. PUEBLA PUE', 'FATR', '15037', 1451.3, '2021-04-06', 1, 0),
(374, 'CARLOS CHARLY', 'FATR', '15038', 1090.3, '2021-04-06', 1, 0),
(375, 'CLIENTE MOSTRADOR', 'FARF', '23275', 479.8, '2021-04-06', 0, 0),
(376, 'BLUE RIVER COLLISION CENTER SA DE CV', 'FARF', '23276', 260, '2021-04-06', 0, 0),
(377, 'CLIENTE MOSTRADOR', 'FARF', '23277', 5910.3, '2021-04-06', 0, 0),
(378, 'FLORES SANCHEZ RODOLFO', 'FARF', '23278', 2893.54, '2021-04-06', 0, 0),
(379, 'CLIENTE MOSTRADOR', 'FARF', '23279', 198, '2021-04-06', 0, 0),
(380, 'GONZALEZ LOPEZ EDGAR', 'FARF', '23280', 182.7, '2021-04-06', 0, 0),
(381, 'JOSE RAMOS RODRIGUEZ', 'FARF', '23281', 1994.73, '2021-04-06', 0, 0),
(382, 'CLIENTE MOSTRADOR', 'FARF', '23282', 64.99, '2021-04-06', 0, 0),
(383, 'MARIA ALBERTA VARGAS CABAÑAS', 'FARF', '23283', 938, '2021-04-06', 0, 0),
(384, 'BENJAMIN CHAVEZ RODRIGUEZ', 'FARF', '23284', 1785.6, '2021-04-06', 0, 0),
(385, 'CLIENTE MOSTRADOR', 'FARF', '23285', 65.7, '2021-04-06', 0, 0),
(386, 'YOLANDA HERRERA RAMIREZ', 'FARF', '23286', 520, '2021-04-06', 0, 0),
(387, 'FLORES IBARRA GIOVANNI', 'FARF', '23287', 108, '2021-04-06', 0, 0),
(388, 'CLIENTE MOSTRADOR', 'FARF', '23288', 248.4, '2021-04-06', 0, 0),
(389, 'CLIENTE MOSTRADOR', 'FARF', '23289', 75.01, '2021-04-06', 0, 0),
(390, 'MULLER REPAIR CENTER', 'FARF', '23290', 304.2, '2021-04-06', 0, 0),
(391, 'MULLER REPAIR CENTER', 'FARF', '23291', 205.2, '2021-04-06', 0, 0),
(392, 'CLIENTE MOSTRADOR', 'FARF', '23292', 175.16, '2021-04-06', 0, 0),
(393, 'CLIENTE MOSTRADOR', 'FARF', '23293', 733.49, '2021-04-06', 0, 0),
(394, 'HERNANDEZ DIAZ JULIO CESAR', 'FARF', '23294', 1240, '2021-04-06', 0, 0),
(395, 'MULLER REPAIR CENTER', 'FARF', '23295', 173.7, '2021-04-06', 0, 0),
(396, 'MULLER REPAIR CENTER', 'FARF', '23296', 218.69, '2021-04-06', 0, 0),
(397, 'CLIENTE MOSTRADOR', 'FARF', '23297', 374.4, '2021-04-06', 0, 0),
(398, 'CLIENTE MOSTRADOR', 'FARF', '23298', 632.7, '2021-04-06', 0, 0),
(399, 'CLIENTE MOSTRADOR', 'FARF', '23299', 168, '2021-04-06', 0, 0),
(400, 'CLIENTE MOSTRADOR', 'FARF', '23300', 52, '2021-04-06', 0, 0),
(401, 'OSCAR ALEJO TECLA', 'FASM', '32730', 142.01, '2021-04-06', 0, 0),
(402, 'OSCAR ALEJO TECLA', 'FASM', '32731', 527, '2021-04-06', 0, 0),
(403, 'CLIENTE MOSTRADOR', 'FASM', '32732', 52, '2021-04-06', 0, 0),
(404, 'CLIENTE MOSTRADOR', 'FASM', '32733', 104.01, '2021-04-06', 0, 0),
(405, 'EXYRE SEGURIDAD Y EQUIPO CONTRA INCENDIO, S.A DE C.V.', 'FASM', '32734', 750.01, '2021-04-06', 0, 0),
(406, 'CLIENTE MOSTRADOR', 'FASM', '32735', 528.1, '2021-04-06', 0, 0),
(407, 'CLIENTE MOSTRADOR', 'FASM', '32736', 52, '2021-04-06', 0, 0),
(408, 'IVETTE ALICIA JELID CORDERO', 'FASM', '32737', 354.76, '2021-04-06', 0, 0),
(409, 'CLIENTE MOSTRADOR', 'FASM', '32738', 102, '2021-04-06', 0, 0),
(410, 'CLIENTE MOSTRADOR', 'FASM', '32739', 86, '2021-04-06', 0, 0),
(411, 'CLIENTE MOSTRADOR', 'FASM', '32740', 66, '2021-04-06', 0, 0),
(412, 'OUTDOOR MEXICO SERVICIOS PUBLICITARIOS S DE RL DE CV', 'FASM', '32741', 5523.99, '2021-04-06', 0, 1),
(413, 'CLIENTE MOSTRADOR', 'FASM', '32742', 56, '2021-04-06', 0, 0),
(414, 'DOCTOR MEDIA S.A DE C.V', 'FASM', '32743', 142.93, '2021-04-06', 0, 0),
(415, 'CLIENTE MOSTRADOR', 'FASM', '32744', 71.35, '2021-04-06', 0, 0),
(416, 'CLIENTE MOSTRADOR', 'FASM', '32745', 321.3, '2021-04-06', 0, 0),
(417, 'OUTDOOR MEXICO SERVICIOS PUBLICITARIOS S DE RL DE CV', 'FASM', '32746', 5524, '2021-04-06', 0, 0),
(418, 'CLIENTE MOSTRADOR', 'FASM', '32747', 26, '2021-04-06', 0, 0),
(419, 'CLIENTE MOSTRADOR', 'FASM', '32748', 52, '2021-04-06', 0, 0),
(420, 'CLIENTE MOSTRADOR', 'FASM', '32749', 453, '2021-04-06', 0, 0),
(421, 'CLIENTE MOSTRADOR', 'FASM', '32750', 2304.4, '2021-04-06', 0, 0),
(422, 'DIAZ GARCIA FRANCISCO JOSE', 'FASM', '32751', 470.75, '2021-04-06', 0, 0),
(423, 'COMODIDAD Y FORMAS EN PLASTICOS SA DE CV', 'FASM', '32752', 485.4, '2021-04-06', 0, 0),
(424, 'CLIENTE MOSTRADOR', 'FASM', '32753', 66, '2021-04-06', 0, 0),
(425, 'OSCAR ALEJO TECLA', 'FASM', '32754', 1207.8, '2021-04-06', 0, 0),
(426, 'OSCAR ALEJO TECLA', 'FASM', '32755', 196.4, '2021-04-06', 0, 0),
(427, 'INSTITUTO ORIENTE DE PUEBLA A.C.', 'FASM', '32756', 7712.01, '2021-04-06', 0, 0),
(428, 'CLIENTE MOSTRADOR', 'FASM', '32757', 18, '2021-04-06', 0, 0),
(429, 'CLIENTE MOSTRADOR', 'FASM', '32758', 55.99, '2021-04-06', 0, 0),
(430, 'CLIENTE MOSTRADOR', 'FASM', '32759', 104.01, '2021-04-06', 0, 0),
(431, 'JOSE GUADALUPE ARCE GOMEZ', 'FASM', '32760', 453, '2021-04-06', 0, 0),
(432, 'FRANCISCO BENJAMIN ARENAS LOPEZ', 'FASM', '32761', 1473, '2021-04-06', 0, 0),
(433, 'MATA JIMENEZ SANDRA', 'FASM', '32762', 32.97, '2021-04-06', 0, 0),
(434, 'CLIENTE MOSTRADOR', 'FASM', '32763', 33, '2021-04-06', 0, 0),
(435, 'AGUA INMACULADA SA DE CV', 'FARF', '23301', 1245.2, '2021-04-07', 0, 0),
(436, 'AUTOMOTRIZ CAMIONERA FLORES SA DE CV', 'FATR', '15043', 1893.98, '2021-04-07', 1, 0),
(437, 'ALSEN CENTER SA DE CV', 'FASG', '15430', 716.3, '2021-04-07', 0, 0),
(438, 'CLIENTE MOSTRADOR TORRES', 'FATR', '15040', 930.61, '2021-04-07', 0, 0),
(439, 'CENTRO DE RECONSTRUCCION AUTOMOTRIZ PUEBLA S.A. DE C.V.', 'FASG', '15440', 1700, '2021-04-07', 0, 0),
(440, 'CLIENTE MOSTRADOR TORRES', 'FATR', '15051', 1473, '2021-04-07', 0, 0),
(441, 'CLIENTE MOSTRADOR', 'FACP', '21841', 1870.01, '2021-04-07', 0, 0),
(442, 'CLIENTE MOSTRADOR', 'FASM', '32800', 1473, '2021-04-07', 0, 0),
(443, 'CLIENTE MOSTRADOR', 'FASM', '32815', 1297.47, '2021-04-07', 0, 0),
(444, 'DOCTOR MEDIA S.A DE C.V', 'FASM', '32814', 1083.4, '2021-04-07', 0, 0),
(445, 'DUAL TALLERES METAL MECANICA, S.A DE C.V.', 'FASG', '15439', 3602.5, '2021-04-07', 0, 0),
(446, 'FASCIAS ECOLOGICAS DE MEXICO S.A DE C.V', 'FARF', '23316', 1792, '2021-04-07', 0, 0),
(447, 'INGENIERIA MECANICA DE PUEBLA S.A DE C.V.', 'FARF', '23312', 1372.5, '2021-04-07', 0, 0),
(448, 'INSTITUTO ORIENTE DE PUEBLA A.C.', 'FASM', '32767', 2176, '2021-04-07', 0, 0),
(449, 'INSTITUTO ORIENTE DE PUEBLA A.C.', 'FASM', '32779', 18387.01, '2021-04-07', 0, 0),
(450, 'JOSE GUADALUPE ARCE GOMEZ', 'FASM', '32807', 1011.51, '2021-04-07', 1, 0),
(451, 'JOSE GUADALUPE NAVARRO CRUZ', 'FASG', '15445', 1171, '2021-04-07', 0, 0),
(452, 'JUAN ANTOLIN GOMEZ BERRUECOS', 'FACP', '21851', 894, '2021-04-07', 0, 0),
(453, 'LILIANA MARTINEZ SANCHEZ', 'FARF', '23319', 1906.2, '2021-04-07', 0, 0),
(454, 'LINEASUNIDASDEL SURESTEPUEBLATEPEXIPETLACINGOACATLANY ANEXAS', 'FACP', '21839', 943.99, '2021-04-07', 0, 0),
(455, 'LUIS DAVID JIMENEZ TELLO', 'FASG', '15444', 700, '2021-04-07', 0, 0),
(456, 'MIGUEL ANGEL HUERTA VAZQUEZ', 'FACP', '21840', 777, '2021-04-07', 0, 0),
(457, 'MULLER REPAIR CENTER', 'FARF', '23306', 1611.89, '2021-04-07', 0, 0),
(458, 'MULTISERVICIOS MC S.A. DE C.V.', 'FASG', '15423', 730.14, '2021-04-07', 0, 0),
(459, 'OSCAR ALEJO TECLA', 'FASM', '32768', 1667.23, '2021-04-07', 0, 0),
(460, 'PAGASA CONSTRUCCIONES SA DE CV', 'FASM', '32799', 761.76, '2021-04-07', 0, 0),
(461, 'PEREZ ALTAMIRANO HAZAEL', 'FASM', '32811', 937.27, '2021-04-07', 0, 0),
(462, 'PETRIL, S.A. DE C.V.', 'FARF', '23324', 906.02, '2021-04-07', 0, 0),
(463, 'SERGIO VEGA CASTILLO', 'FARF', '23320', 2396.4, '2021-04-07', 0, 0),
(464, 'YESIKA ANGELINA LOPEZ VAZQUEZ', 'FASG', '15442', 1469, '2021-04-07', 0, 0),
(465, 'MORFOS SERVICIOS CREATIVOS S.A.DE.C.V.', 'FASM', '32817', 5200.01, '2021-04-08', 0, 0),
(466, 'INSTITUTO ORIENTE DE PUEBLA A.C.', 'FASM', '32818', 2176, '2021-04-08', 0, 0),
(467, 'JAIME GONZALEZ MORALES', 'FASM', '32819', 753.95, '2021-04-08', 0, 0),
(468, 'GAUDENCIO GREGORIO MENDOZA PALMA', 'FACP', '21853', 858, '2021-04-08', 1, 0),
(469, 'GUILLERMO LOPEZ MUÑOZ', 'FASM', '32823', 947.75, '2021-04-08', 0, 0),
(470, 'MULLER REPAIR CENTER', 'FARF', '23328', 2270.86, '2021-04-08', 0, 0),
(471, 'CLIENTE MOSTRADOR TORRES', 'FATR', '15054', 1283.86, '2021-04-08', 0, 0),
(472, 'INSTITUTO ORIENTE DE PUEBLA A.C.', 'FASM', '32824', 9856, '2021-04-08', 0, 0),
(473, 'INDUSTRIAL DE ALAMBRES S.A DE C.V.', 'FASM', '32826', 1815.61, '2021-04-08', 0, 0),
(474, 'CLIENTE MOSTRADOR', 'FASM', '32827', 1128.81, '2021-04-08', 0, 0),
(475, 'RZ MOTORS SA DE CV', 'FARF', '23330', 717.31, '2021-04-08', 0, 0),
(476, 'MELENDEZ DIEGO LUZ MARIA', 'FASG', '15453', 878.9, '2021-04-08', 0, 0),
(477, 'LIDER EN RECONSTRUCCION AUTOMOTRIZ S.A DE C.V.', 'FASG', '15455', 6280.89, '2021-04-08', 0, 0),
(478, 'FISCHER TUBTECH, S.A DE C.V.', 'FACP', '21855', 1875.95, '2021-04-08', 0, 0),
(479, 'LIDER EN RECONSTRUCCION AUTOMOTRIZ S.A DE C.V.', 'FASG', '15458', 6912.62, '2021-04-08', 0, 0),
(480, 'CLIENTE MOSTRADOR', 'FARF', '23338', 1584.83, '2021-04-08', 0, 0),
(481, 'POBLANO NASTA ALEJANDRO', 'FACP', '21856', 1401.03, '2021-04-08', 1, 0),
(482, 'JOSE GUADALUPE ARCE GOMEZ', 'FASM', '32836', 955.4, '2021-04-08', 1, 0),
(483, 'JUAN FRANCISCO SORIANO MUÑOZ', 'FACP', '21857', 5097.97, '2021-04-08', 1, 0),
(484, 'CLIENTE MOSTRADOR', 'FARF', '23340', 877.99, '2021-04-08', 1, 0),
(485, 'GAUDENCIO GREGORIO MENDOZA PALMA', 'FARF', '23341', 857, '2021-04-08', 1, 0),
(486, 'CLIENTE MOSTRADOR TORRES', 'FATR', '15062', 2213.69, '2021-04-08', 0, 0),
(487, 'CLIENTE MOSTRADOR TORRES', 'FATR', '15065', 1349.81, '2021-04-08', 0, 0),
(488, 'MILAGROS MONSERRAT GONZALEZ ROMERO', 'FATR', '15064', 1189.97, '2021-04-08', 1, 0),
(489, 'LOGISTICOS NACIONALES PINO SA DE CV', 'FASM', '32839', 1362.48, '2021-04-08', 0, 0),
(490, 'CLIENTE MOSTRADOR', 'FACP', '21859', 1042, '2021-04-08', 0, 0),
(491, 'CLIENTE MOSTRADOR', 'FASG', '15463', 2655.94, '2021-04-08', 0, 0),
(492, 'CAICEROS VAZQUEZ ALISON', 'FATR', '15070', 926.47, '2021-04-08', 1, 0),
(493, 'CLIENTE MOSTRADOR TORRES', 'FATR', '15076', 725, '2021-04-08', 0, 0),
(494, 'CASTILLO MONTES JOSE RAYMUNDO', 'FASG', '15469', 760.75, '2021-04-08', 0, 0),
(495, 'GABRIEL JAIR BEJINES CINCO', 'FASM', '32855', 8829.89, '2021-04-08', 0, 0),
(496, 'BAEZ JIMENEZ ANA KAREN', 'FASG', '15471', 751.7, '2021-04-08', 0, 0),
(497, 'CLIENTE MOSTRADOR TORRES', 'FATR', '15079', 848.3, '2021-04-08', 0, 0),
(498, 'CLIENTE MOSTRADOR', 'FARF', '23345', 2900, '2021-04-09', 0, 0),
(499, 'AUTOMOTRIZ CAMIONERA FLORES SA DE CV', 'FATR', '15082', 1052.44, '2021-04-09', 1, 0),
(500, 'JOSE RAFAEL SALGADO RODRIGUEZ', 'FASG', '15473', 1589.39, '2021-04-09', 1, 0),
(501, 'RIVEROL', 'FATR', '15084', 728.09, '2021-04-09', 1, 0),
(502, 'OSCAR ROMERO GRACIA', 'FARF', '23348', 795.21, '2021-04-09', 0, 0),
(503, 'YOLANDA MARTINEZ ROLDAN', 'FARF', '23354', 2396.4, '2021-04-09', 0, 0),
(504, 'MARTINEZ CASTULO MARGARITO', 'FACP', '21863', 2377.99, '2021-04-09', 0, 0),
(505, 'CLIENTE MOSTRADOR', 'FACP', '21865', 831, '2021-04-09', 0, 0),
(506, 'CLIENTE MOSTRADOR', 'FASM', '32861', 821, '2021-04-09', 0, 0),
(507, 'CLIENTE MOSTRADOR', 'FARF', '23356', 1967.34, '2021-04-09', 0, 0),
(508, 'CLIENTE MOSTRADOR', 'FASM', '32865', 2578.89, '2021-04-09', 0, 0),
(509, 'JUAN ANTOLIN GOMEZ BERRUECOS', 'FASG', '15481', 920.05, '2021-04-09', 0, 0),
(510, 'IVY INMAN PERALDI MARTINEZ', 'FASG', '15482', 4558.79, '2021-04-09', 0, 0),
(511, 'LIDER EN RECONSTRUCCION AUTOMOTRIZ S.A DE C.V.', 'FASG', '15484', 1353.59, '2021-04-09', 0, 0),
(512, 'AUTOMOTRIZ OSORNO SA DE CV', 'FATR', '15087', 833.73, '2021-04-09', 1, 0),
(513, 'CLIENTE MOSTRADOR', 'FASG', '15483', 1063, '2021-04-09', 0, 0),
(514, 'CLIENTE MOSTRADOR', 'FACP', '21868', 835.8, '2021-04-09', 0, 0),
(515, 'TRACTO REPARACIONES JIREH', 'FATR', '15089', 2317.1, '2021-04-09', 1, 0),
(516, 'JOSE GUADALUPE ARCE GOMEZ', 'FASM', '32868', 1469, '2021-04-09', 0, 0),
(517, 'TRACTO REPARACIONES JIREH', 'FATR', '15090', 2317.09, '2021-04-09', 1, 0),
(518, 'CESAR HUMBERTO ESTRADA BRAVO', 'FACP', '21872', 868, '2021-04-09', 1, 0),
(519, 'CLIENTE MOSTRADOR', 'FASM', '32880', 4814.39, '2021-04-09', 0, 0),
(520, 'KAI AUTOSERVICIOS INTEGRALES S.DE R.L DE CV', 'FASG', '15488', 703, '2021-04-09', 0, 0),
(521, 'HERRSIL CARGA EN MOVIMIENTO', 'FATR', '15093', 1738.8, '2021-04-09', 1, 0),
(522, 'CLIENTE MOSTRADOR', 'FASM', '32884', 1304.99, '2021-04-09', 0, 0),
(523, 'CLIENTE MOSTRADOR', 'FACP', '21874', 1228, '2021-04-09', 0, 0),
(524, 'TRACTO REPARACIONES JIREH', 'FATR', '15094', 4475.27, '2021-04-09', 1, 0),
(525, 'MARIA GEORGINA MORGAN PAREDES', 'FARF', '23369', 11821, '2021-04-09', 1, 0),
(526, 'AZUA VITE ERIC', 'FASG', '15491', 4666.59, '2021-04-09', 0, 0),
(527, 'TRACTO REPARACIONES JIREH', 'FATR', '15096', 2860.02, '2021-04-09', 1, 0),
(528, 'TRACTO REPARACIONES JIREH', 'FATR', '15097', 809.19, '2021-04-09', 1, 0),
(529, 'TRACTO REPARACIONES JIREH', 'FATR', '15098', 3368.55, '2021-04-09', 1, 0),
(530, 'TRACTO REPARACIONES JIREH', 'FATR', '15099', 2074.63, '2021-04-09', 1, 0),
(531, 'EUROGRU SA DE CV', 'FASM', '32889', 1620, '2021-04-09', 0, 0),
(532, 'AUTOMOVILES Y CAMIONES RIVERA SA DE CV', 'FASG', '15493', 11114.59, '2021-04-09', 0, 0),
(533, 'AUTOREPARACIONES JIREH', 'FACP', '21878', 2684, '2021-04-09', 0, 0),
(534, 'LOGISTICA TERRESTRE DE TRANSPORTE METROPOLITANO S. DE RL DE', 'FACP', '21879', 2775, '2021-04-09', 0, 0),
(535, 'OLGUIN VALDES ENITH GUADALUPE', 'FASG', '15495', 756.99, '2021-04-09', 0, 0),
(536, 'SOTO PEREZ ESAU', 'FACP', '21882', 1126, '2021-04-09', 0, 0),
(537, 'CORNELIO GOMEZ JUAN', 'FASM', '32893', 5560.72, '2021-04-09', 0, 0),
(538, 'PEREGRINA AUTOMOTRIZ DEL CENTRO SA DE CV', 'FASG', '15497', 14837.59, '2021-04-09', 0, 0),
(539, 'TLAMANAL FLORES JAQUELINE', 'FARF', '23375', 874.99, '2021-04-10', 0, 0),
(540, 'HUGO ALFREDO MORALES ARROYO', 'FATR', '15107', 2527.7, '2021-04-10', 0, 0),
(541, 'LOGISTICA TERRESTRE DE TRANSPORTE METROPOLITANO S. DE RL DE', 'FACP', '21888', 780, '2021-04-10', 0, 0),
(542, 'SOTO PEREZ ESAU', 'FACP', '21889', 806, '2021-04-10', 0, 0),
(543, 'CLIENTE MOSTRADOR', 'FARF', '23378', 820.9, '2021-04-10', 0, 0),
(544, 'CLIENTE MOSTRADOR', 'FACP', '21891', 1206.28, '2021-04-10', 0, 0),
(545, 'VIRGINIA GARCIA VALERIO', 'FACP', '21893', 1330.09, '2021-04-10', 0, 0),
(546, 'TRACTO REPARACIONES JIREH', 'FATR', '15111', 5118.34, '2021-04-10', 1, 0),
(547, 'BUENO RODRIGUEZ MARIANA', 'FATR', '15112', 1263.99, '2021-04-10', 1, 0),
(548, 'CLIENTE MOSTRADOR', 'FASM', '32909', 724.01, '2021-04-10', 0, 0),
(549, 'CLIENTE MOSTRADOR', 'FARF', '23384', 1795.8, '2021-04-10', 1, 0),
(550, 'PROYECTOS Y NEGOCIOS CONSTRUCTIVOS SA DE CV', 'FARF', '23388', 1132.21, '2021-04-10', 0, 0),
(551, 'PROYECTOS Y NEGOCIOS CONSTRUCTIVOS SA DE CV', 'FARF', '23389', 1403.21, '2021-04-10', 0, 0),
(552, 'JUAN FRANCISCO SORIANO MUÑOZ', 'FACP', '21903', 1268.97, '2021-04-12', 1, 0),
(553, 'GUILLERMO VENTOSA ALVAREZ', 'FASG', '15512', 2024, '2021-04-12', 0, 0),
(554, 'AZUA VITE ERIC', 'FASG', '15515', 1229.25, '2021-04-12', 0, 0),
(555, 'MORALES RODRIGUEZ MARCO ANTONIO', 'FARF', '23390', 1007.03, '2021-04-12', 0, 0),
(556, 'JOSE JONATHAN LLORAME RODRIGUEZ', 'FATR', '15120', 940.44, '2021-04-12', 1, 0),
(557, 'MEXICANA DE MAQUINARIA DE PRESICION S.A DE C.V', 'FATR', '15122', 1338.72, '2021-04-12', 0, 0),
(558, 'COMERCIALIZADORA DE AUTOS EL ANGEL DE PUEBLA SA DE CV', 'FASG', '15519', 936.99, '2021-04-12', 0, 0),
(559, 'PUEBLA AUTOMOTRIZ S.A DE C.V', 'FARF', '23396', 997.99, '2021-04-12', 0, 0),
(560, 'HERRERA SOLANO LUIS ENRIQUE', 'FASG', '15520', 1469, '2021-04-12', 0, 0),
(561, 'CLIENTE MOSTRADOR', 'FASM', '32932', 1048.78, '2021-04-12', 0, 0),
(562, 'OSCAR ALEJO TECLA', 'FASM', '32928', 1011.48, '2021-04-12', 0, 0),
(563, 'CLIENTE MOSTRADOR', 'FASG', '15521', 1575, '2021-04-12', 0, 0),
(564, 'CLIENTE MOSTRADOR', 'FARF', '23398', 1269.9, '2021-04-12', 0, 0),
(565, 'SANCHEZ MACEDA IRMA', 'FASM', '32934', 1025.6, '2021-04-12', 0, 0),
(566, 'TRACTO REPARACIONES JIREH', 'FATR', '15125', 781.11, '2021-04-12', 1, 0),
(567, 'MARIO ALEJANDRO CABRERA BAEZ', 'FASM', '32937', 1535, '2021-04-12', 0, 0),
(568, 'FLORES SANCHEZ RODOLFO', 'FARF', '23403', 11517.86, '2021-04-12', 0, 0),
(569, 'LUIS DAVID JIMENEZ TELLO', 'FASG', '15523', 1663.8, '2021-04-12', 1, 0),
(570, 'CLIENTE MOSTRADOR', 'FASM', '32944', 789.65, '2021-04-12', 0, 0),
(571, 'JOSE RAFAEL SALGADO RODRIGUEZ', 'FASG', '15526', 811.8, '2021-04-12', 1, 0),
(572, 'CONCEPCION DEL ROCIO GARCIA AGUILAR', 'FASG', '15527', 9644.4, '2021-04-12', 0, 0),
(573, 'GERONIMO BAUTISTA ESCUDERO', 'FACP', '21913', 979.2, '2021-04-12', 0, 0),
(574, 'CLIENTE MOSTRADOR TORRES', 'FATR', '15128', 996.02, '2021-04-12', 0, 0),
(575, 'CLIENTE MOSTRADOR', 'FASM', '32950', 9425.81, '2021-04-12', 0, 0),
(576, 'CLIENTE MOSTRADOR TORRES', 'FATR', '15130', 725, '2021-04-12', 0, 0),
(577, 'CLIENTE MOSTRADOR', 'FACP', '21917', 1015, '2021-04-12', 0, 0),
(578, 'FASCIAS ECOLOGICAS DE MEXICO S.A DE C.V', 'FARF', '23410', 857, '2021-04-13', 0, 0),
(579, 'MULTISERVICIOS MC S.A. DE C.V.', 'FASG', '15529', 1029.35, '2021-04-13', 0, 0),
(580, 'MULTISERVICIOS MC S.A. DE C.V.', 'FASG', '15531', 1748.44, '2021-04-13', 0, 0),
(582, 'REYES RODRIGUEZ OSVALDO', 'FATR', '15132', 858.01, '2021-04-13', 1, 0),
(583, 'CESAR HUMBERTO ESTRADA BRAVO', 'FACP', '21921', 2143.2, '2021-04-13', 1, 0),
(584, 'MARIA DEL ROCIO ALATRISTE RUIZ', 'FASM', '32954', 857, '2021-04-13', 0, 0),
(585, 'CLIENTE MOSTRADOR TORRES', 'FATR', '15136', 1252.06, '2021-04-13', 0, 0),
(586, 'AZUA VITE ERIC', 'FASG', '15533', 1441.74, '2021-04-13', 0, 0),
(587, 'DOCTOR MEDIA S.A DE C.V', 'FASM', '32957', 1726.72, '2021-04-13', 0, 0),
(588, 'MARIA ALBERTA VARGAS CABAÑAS', 'FASG', '15534', 719, '2021-04-13', 0, 0),
(589, 'AUTOMOVILES Y CAMIONES RIVERA SA DE CV', 'FASG', '15536', 1132.21, '2021-04-13', 0, 0),
(590, 'CLIENTE MOSTRADOR', 'FASM', '32963', 719.6, '2021-04-13', 0, 0),
(591, 'PETRIL', 'FASG', '15537', 1206, '2021-04-13', 0, 0),
(592, 'GRUPO AR GYA DISEÑO Y CONSTRUCCION SA DE CV', 'FARF', '23417', 2119.21, '2021-04-13', 1, 0),
(593, 'HERRERA SOLANO LUIS ENRIQUE', 'FASG', '15540', 1018.99, '2021-04-13', 0, 0),
(594, 'MARTINEZ CASTULO MARGARITO', 'FASG', '15542', 1826.03, '2021-04-13', 0, 0),
(595, 'SAUCEDO MOMOX SAGRARIO', 'FASG', '15544', 2550, '2021-04-13', 0, 0),
(596, 'CASTILLO MONTES JOSE RAYMUNDO', 'FASG', '15546', 4095, '2021-04-13', 0, 0),
(597, 'JORGE MANUEL LOPEZ TORRES', 'FATR', '15140', 895.71, '2021-04-13', 1, 0),
(598, 'CLIENTE MOSTRADOR', 'FASM', '32971', 854.3, '2021-04-13', 0, 0),
(599, 'LUIS DAVID JIMENEZ TELLO', 'FASG', '15547', 1674.58, '2021-04-13', 1, 0),
(600, 'CAMACHO LOPEZ MARIA DEL CARMEN', 'FATR', '15141', 996.71, '2021-04-13', 1, 0),
(601, 'CLIENTE MOSTRADOR', 'FASM', '32978', 817.85, '2021-04-13', 0, 0),
(602, 'SABORMEX, S.A DE C.V.', 'FACP', '21929', 5844.99, '2021-04-13', 0, 0),
(603, 'REFACCIONES Y MATERIALES OLIMPO S DE RL DE CV', 'FASM', '32979', 1406.01, '2021-04-13', 0, 0),
(604, 'MULTISERVICIOS MC S.A. DE C.V.', 'FASG', '15548', 1540.9, '2021-04-13', 0, 0),
(605, 'JOSE EDUARDO MONTERO PANIAGUA', 'FASM', '32980', 1272, '2021-04-13', 0, 0),
(606, 'MULLER REPAIR CENTER', 'FARF', '23428', 720, '2021-04-13', 0, 0),
(607, 'AUTOMOVILES Y CAMIONES RIVERA SA DE CV', 'FASG', '15551', 3175.6, '2021-04-13', 0, 0),
(608, 'INSTITUTO ORIENTE DE PUEBLA A.C.', 'FASM', '32985', 7614, '2021-04-13', 0, 1),
(609, 'CLIENTE MOSTRADOR', 'FASG', '15553', 991.06, '2021-04-13', 0, 0),
(610, 'GRUPO BRECASA SA DE CV', 'FARF', '23430', 1584.89, '2021-04-13', 0, 0),
(611, 'HERNANDEZ DIAZ JULIO CESAR', 'FARF', '23431', 1240, '2021-04-13', 0, 0),
(612, 'ALEJANDRO ROSAS MENDOZA', 'FACP', '21933', 15614, '2021-04-13', 1, 0),
(613, 'MEDINA PEREZ INES MARIELA', 'FARF', '23434', 1424.15, '2021-04-13', 1, 0),
(614, 'FERRETERA ALMERIA SA DE CV', 'FACP', '21934', 1450, '2021-04-13', 0, 0),
(615, 'ARIZA SIMON CRUZ', 'FARF', '23435', 776.2, '2021-04-13', 0, 0),
(616, 'FASCIAS ECOLOGICAS DE MEXICO S.A DE C.V', 'FARF', '23436', 2871.02, '2021-04-13', 0, 0),
(617, 'CLIENTE MOSTRADOR', 'FASM', '32991', 1464.41, '2021-04-13', 0, 0),
(618, 'INSTITUTO ORIENTE DE PUEBLA A.C.', 'FASM', '32993', 15264, '2021-04-13', 0, 0),
(619, 'CLIENTE MOSTRADOR', 'FASG', '15561', 905.99, '2021-04-13', 0, 0),
(620, 'CLIENTE MOSTRADOR', 'FARF', '23439', 993.6, '2021-04-13', 0, 0),
(621, 'INPROCLIMA S.A. DE C.V.', 'FARF', '23441', 1621.8, '2021-04-14', 0, 0),
(622, 'RODRIGUEZ MUÑOZ DE COTE GERARDO', 'FASM', '33000', 857, '2021-04-14', 0, 0),
(623, 'CLIENTE MOSTRADOR', 'FACP', '21938', 1069.51, '2021-04-14', 0, 0),
(624, 'VALVERDE GARCIA SALVADOR', 'FASG', '15563', 1060, '2021-04-14', 0, 0),
(625, 'CLIENTE MOSTRADOR', 'FASG', '15566', 1441, '2021-04-14', 0, 0),
(626, 'CLIENTE MOSTRADOR', 'FACP', '21939', 725, '2021-04-14', 0, 0),
(627, 'CLIENTE MOSTRADOR', 'FARF', '23443', 1796.06, '2021-04-14', 0, 0),
(628, 'JOSE RAFAEL SALGADO RODRIGUEZ', 'FASG', '15567', 1970.05, '2021-04-14', 1, 0),
(629, 'GAUDENCIO GREGORIO MENDOZA PALMA', 'FACP', '21940', 857, '2021-04-14', 1, 0),
(630, 'AZUA VITE ERIC', 'FASG', '15568', 5855.34, '2021-04-14', 0, 0),
(631, 'CLIENTE MOSTRADOR', 'FASG', '15570', 1032.91, '2021-04-14', 0, 0),
(632, 'JESUS LEON RODRIGUEZ', 'FASM', '33013', 3940, '2021-04-14', 0, 0),
(633, 'CREER EMPRESARIAL DE PUEBLA', 'FASG', '15573', 3191.99, '2021-04-14', 0, 0),
(634, 'CLIENTE MOSTRADOR', 'FACP', '21942', 790.2, '2021-04-14', 0, 0),
(635, 'EDITH MARTINEZ VELA', 'FACP', '21943', 726, '2021-04-14', 0, 0),
(636, 'INSTITUTO ORIENTE DE PUEBLA A.C.', 'FASM', '33018', 15635, '2021-04-14', 0, 0),
(637, 'IVETTE ALICIA JELID CORDERO', 'FASM', '33019', 918.12, '2021-04-14', 0, 0),
(638, 'JOSE RAMOS RODRIGUEZ', 'FARF', '23450', 1897, '2021-04-14', 0, 0),
(639, 'LOGISTICA TERRESTRE DE TRANSPORTE METROPOLITANO S. DE RL DE', 'FACP', '21946', 1523.01, '2021-04-14', 0, 0),
(640, 'CLIENTE MOSTRADOR', 'FACP', '21947', 893.66, '2021-04-14', 0, 0),
(641, 'CLIENTE MOSTRADOR', 'FACP', '21948', 760, '2021-04-14', 1, 0),
(642, 'REFACCIONES Y MATERIALES OLIMPO S DE RL DE CV', 'FASG', '15574', 2261.7, '2021-04-14', 0, 0),
(643, 'REFACCIONES Y MATERIALES OLIMPO S DE RL DE CV', 'FASM', '33023', 1207.8, '2021-04-14', 0, 0),
(644, 'AUTOMOTRIZ OSORNO, S.A.DE C.V.', 'FASM', '33024', 3023, '2021-04-14', 0, 0),
(645, 'HERRERA SOLANO LUIS ENRIQUE', 'FASG', '15575', 1357.3, '2021-04-14', 0, 0),
(646, 'CLIENTE MOSTRADOR', 'FASG', '15576', 1150.2, '2021-04-14', 0, 0),
(647, 'JONATHAN RAMIREZ SANTAMARIA', 'FATR', '15165', 2106.67, '2021-04-14', 0, 0),
(648, 'CERVANTES DE LA PEÑA VICTOR HUGO', 'FASM', '33026', 5008.2, '2021-04-14', 0, 0),
(649, 'CLIENTE MOSTRADOR', 'FASM', '33027', 2202.77, '2021-04-14', 0, 0),
(650, 'MARIO ALEJANDRO VERGARA PEREZ', 'FARF', '23456', 857, '2021-04-14', 0, 0),
(651, 'DOCTOR MEDIA S.A DE C.V', 'FASM', '33029', 1605.26, '2021-04-14', 0, 0),
(652, 'CLIENTE MOSTRADOR', 'FASM', '33037', 9425.8, '2021-04-14', 0, 0),
(653, 'GRUPO AR GYA DISEÑO Y CONSTRUCCION SA DE CV', 'FARF', '23460', 2656.06, '2021-04-15', 1, 0),
(654, 'CLIENTE MOSTRADOR', 'FARF', '23461', 1601.41, '2021-04-15', 0, 0),
(655, 'CLIENTE MOSTRADOR', 'FACP', '21957', 6014.01, '2021-04-15', 0, 0),
(656, 'CLIENTE MOSTRADOR', 'FARF', '23462', 725, '2021-04-15', 0, 0),
(657, 'INSTITUTO ORIENTE DE PUEBLA A.C.', 'FASM', '33042', 6835, '2021-04-15', 0, 0),
(658, 'HERNANDEZ MARTINEZ JESUS DOMINGO', 'FASM', '33043', 1560.86, '2021-04-15', 0, 0),
(659, 'CLIENTE MOSTRADOR', 'FASM', '33045', 725, '2021-04-15', 1, 0),
(660, 'FABRICA DE MAQUINAS Y ACCESORIOS S.A DE C.V.', 'FASM', '33046', 4931.11, '2021-04-15', 0, 0);
INSERT INTO `facturas` (`id`, `cliente`, `serie`, `folio`, `total`, `fechaFactura`, `elegida`, `cancelado`) VALUES
(661, 'MELENDEZ DIEGO LUZ MARIA', 'FASG', '15584', 757.35, '2021-04-15', 0, 0),
(662, 'RICARDO OSORIO NAVARRO', 'FASM', '33048', 1085, '2021-04-15', 0, 0),
(663, 'HERNANDEZ MUNGUIA ANTONIO', 'FARF', '23463', 1007.03, '2021-04-15', 0, 0),
(664, 'CLIENTE MOSTRADOR', 'FARF', '23464', 716, '2021-04-15', 0, 0),
(665, 'CLIENTE MOSTRADOR', 'FASG', '15582', 847, '2021-04-15', 0, 0),
(666, 'MILAGROS MONSERRAT GONZALEZ ROMERO', 'FATR', '15183', 1021.06, '2021-04-15', 1, 0),
(667, 'MARTINEZ MARQUEZ LAZARO', 'FASM', '33053', 5868.67, '2021-04-15', 1, 0),
(668, 'VELAZQUE JUAREZ JOSE JACOBO', 'FATR', '15185', 1287.01, '2021-04-15', 1, 0),
(669, 'FREGOSO TRACONIS ENRIQUE', 'FATR', '15187', 4822.58, '2021-04-15', 1, 0),
(670, 'JUAN ANTOLIN GOMEZ BERRUECOS', 'FASG', '15589', 852.55, '2021-04-15', 0, 0),
(671, 'CLIENTE MOSTRADOR', 'FASM', '33062', 725, '2021-04-15', 1, 0),
(672, 'MULLER REPAIR CENTER', 'FARF', '23476', 1835.8, '2021-04-15', 0, 0),
(673, 'COMERCIALIZADORA VEYCO SA DE CV', 'FARF', '23478', 1560, '2021-04-15', 0, 0),
(674, 'MULLER REPAIR CENTER', 'FARF', '23480', 1800.9, '2021-04-15', 0, 0),
(675, 'SAMUEL JONATHAN VERA COYOTL', 'FASG', '15592', 958.8, '2021-04-15', 1, 0),
(676, 'HUGO ALFREDO MORALES ARROYO', 'FATR', '15192', 1713.26, '2021-04-15', 0, 0),
(677, 'TRANSPORTADORA TAM S.A. DE C.V.', 'FACP', '21975', 855, '2021-04-15', 0, 0),
(678, 'CLIENTE MOSTRADOR', 'FASM', '33073', 1062.7, '2021-04-16', 1, 0),
(679, 'HERRSIL CARGA EN MOVIMIENTO', 'FATR', '15195', 1104, '2021-04-16', 1, 0),
(680, 'TLAMANAL FLORES JAQUELINE', 'FARF', '23490', 1400, '2021-04-16', 0, 0),
(681, 'VALENCIA HERNANDEZ BENJAMIN', 'FASM', '33072', 2762.49, '2021-04-16', 0, 0),
(682, 'CLIENTE MOSTRADOR', 'FASG', '15599', 725, '2021-04-16', 0, 0),
(683, 'CLIENTE MOSTRADOR', 'FASM', '33080', 810.01, '2021-04-16', 0, 0),
(684, 'CLIENTE MOSTRADOR', 'FASM', '33081', 726.7, '2021-04-16', 1, 0),
(685, 'GRUPO AR GYA DISEÑO Y CONSTRUCCION SA DE CV', 'FARF', '23495', 1882, '2021-04-16', 0, 0),
(686, 'CLIENTE MOSTRADOR', 'FARF', '23497', 960.36, '2021-04-16', 0, 0),
(687, 'CLIENTE MOSTRADOR', 'FACP', '21983', 1064, '2021-04-16', 0, 0),
(688, 'JOSE RODRIGUEZ FRANCO', 'FASG', '15602', 923.1, '2021-04-16', 0, 0),
(689, 'AUTOREPARACIONES JIREH', 'FACP', '21992', 1626, '2021-04-16', 0, 0),
(690, 'CLIENTE MOSTRADOR TORRES', 'FATR', '15207', 725, '2021-04-16', 1, 0),
(691, 'CLIENTE MOSTRADOR TORRES', 'FATR', '15208', 858.01, '2021-04-16', 1, 0),
(692, 'CLIENTE MOSTRADOR', 'FACP', '21987', 715.99, '2021-04-16', 0, 0),
(693, 'CLIENTE MOSTRADOR', 'FASM', '33090', 1387, '2021-04-16', 0, 0),
(694, 'DANIEL CEREZO', 'FACP', '21994', 1487, '2021-04-16', 0, 0),
(695, 'JOSE GUADALUPE ARCE GOMEZ', 'FASM', '33087', 1795.19, '2021-04-16', 1, 0),
(696, 'JOSE RAFAEL SALGADO RODRIGUEZ', 'FASG', '15607', 988.06, '2021-04-16', 1, 0),
(697, 'SAMUEL JONATHAN VERA COYOTL', 'FASG', '15608', 1175.55, '2021-04-16', 0, 0),
(698, 'LOGISTICOS NACIONALES PINO SA DE CV', 'FASM', '33094', 1831.21, '2021-04-16', 0, 0),
(699, 'JOSE ALFREDO CRUZ LOPEZ', 'FACP', '21996', 933, '2021-04-16', 0, 0),
(700, 'CLIENTE MOSTRADOR TORRES', 'FATR', '15214', 2802.45, '2021-04-16', 1, 0),
(701, 'CESAR HUMBERTO ESTRADA BRAVO', 'FACP', '21997', 2143.2, '2021-04-17', 1, 0),
(702, 'HUGO ALFREDO MORALES ARROYO', 'FATR', '15215', 781.35, '2021-04-17', 0, 0),
(703, 'RODRIGUEZ MUÑOZ DE COTE GERARDO', 'FASM', '33102', 1830.8, '2021-04-17', 1, 0),
(704, 'GRUPO AR GYA DISEÑO Y CONSTRUCCION SA DE CV', 'FARF', '23508', 735.6, '2021-04-17', 1, 0),
(705, 'ESPIRIDION PEREZ EUSEBIO', 'FASM', '33104', 1442.81, '2021-04-17', 1, 0),
(706, 'JESUS LEON RODRIGUEZ', 'FASM', '33114', 1660.88, '2021-04-17', 0, 0),
(707, 'CLIENTE MOSTRADOR', 'FARF', '23515', 751.28, '2021-04-17', 0, 0),
(708, 'CLIENTE MOSTRADOR', 'FACP', '22004', 744.71, '2021-04-17', 0, 0),
(709, 'CLIENTE MOSTRADOR', 'FARF', '23516', 856.99, '2021-04-19', 1, 0),
(710, 'CLIENTE MOSTRADOR TORRES', 'FATR', '15235', 725, '2021-04-19', 1, 0),
(711, 'GERARDO HIDALGO BEATRIZ', 'FASM', '33127', 1024, '2021-04-19', 0, 0),
(712, 'CLIENTE MOSTRADOR', 'FASG', '15620', 887.86, '2021-04-19', 0, 0),
(713, 'MORALES ARROYO HUGO ALFREDO', 'FACP', '22008', 1004, '2021-04-19', 0, 0),
(714, 'MULTISERVICIOS MC S.A. DE C.V.', 'FASG', '15621', 724.2, '2021-04-19', 0, 0),
(715, 'RICARDO OSORIO NAVARRO', 'FASM', '33128', 1711.78, '2021-04-19', 0, 0),
(716, 'CLIENTE MOSTRADOR', 'FASM', '33130', 1044, '2021-04-19', 0, 0),
(717, 'CLIENTE MOSTRADOR', 'FACP', '22010', 857, '2021-04-19', 0, 0),
(718, 'CLIENTE MOSTRADOR', 'FASM', '33131', 714, '2021-04-19', 0, 0),
(719, 'EDUARDO SORIANO SILVA', 'FACP', '22011', 831, '2021-04-19', 0, 0),
(720, 'MARCELINO HERRERIAS LOPEZ', 'FATR', '15238', 2030.26, '2021-04-19', 1, 0),
(721, 'CLIENTE MOSTRADOR TORRES', 'FATR', '15240', 1699.53, '2021-04-19', 1, 0),
(722, 'LINUM CONSTRUCTORA SA DE CV', 'FARF', '23521', 1700.19, '2021-04-19', 0, 0),
(723, 'CLIENTE MOSTRADOR', 'FARF', '23522', 3722.21, '2021-04-19', 1, 0),
(724, 'AUTOMOTRIZ OSORNO, S.A.DE C.V.', 'FASM', '33139', 2341.02, '2021-04-19', 1, 0),
(725, 'RAMIREZ BELLO EDUARDO', 'FATR', '15242', 1045.7, '2021-04-19', 1, 0),
(726, 'JAIME GUEVARA ISLAS', 'FACP', '22012', 1497.7, '2021-04-19', 0, 0),
(727, 'AUTOMOTRIZ CAMIONERA FLORES SA DE CV', 'FATR', '15244', 1392, '2021-04-19', 1, 0),
(728, 'MICHEL JASMANI ESPEJEL', 'FASM', '33142', 792.61, '2021-04-19', 0, 0),
(729, 'EXYRE SEGURIDAD Y EQUIPO CONTRA INCENDIO, S.A DE C.V.', 'FASM', '33143', 865, '2021-04-19', 0, 0),
(730, 'CLIENTE MOSTRADOR', 'FARF', '23525', 2536.99, '2021-04-19', 0, 0),
(731, 'FASCIAS ECOLOGICAS DE MEXICO S.A DE C.V', 'FARF', '23526', 2031.02, '2021-04-19', 0, 0),
(732, 'JACONSTRUCCION S.A. DE C.V.', 'FASG', '15625', 1035.3, '2021-04-19', 0, 0),
(733, 'CLIENTE MOSTRADOR TORRES', 'FATR', '15253', 1433.36, '2021-04-19', 1, 0),
(734, 'GERARDO HIDALGO BEATRIZ', 'FASM', '33151', 1549.46, '2021-04-19', 0, 0),
(735, 'PEREZ ALTAMIRANO HAZAEL', 'FASM', '33153', 872.49, '2021-04-19', 1, 0),
(736, 'JOSE RAFAEL SALGADO RODRIGUEZ', 'FASG', '15627', 1620.15, '2021-04-19', 1, 0),
(737, 'CLIENTE MOSTRADOR', 'FACP', '22019', 1047, '2021-04-20', 0, 0),
(738, 'CESAR HUMBERTO ESTRADA BRAVO', 'FACP', '22020', 2243.2, '2021-04-20', 0, 0),
(739, 'OSCAR ALEJO TECLA', 'FASM', '33156', 796.03, '2021-04-20', 0, 0),
(740, 'CLIENTE MOSTRADOR', 'FARF', '23530', 1649.09, '2021-04-20', 0, 0),
(741, 'CLIENTE MOSTRADOR TORRES', 'FATR', '15257', 1416.06, '2021-04-20', 1, 0),
(742, 'CLIENTE MOSTRADOR TORRES', 'FATR', '15258', 1085.01, '2021-04-20', 1, 0),
(743, 'CLIENTE MOSTRADOR', 'FASM', '33160', 769.45, '2021-04-20', 1, 0),
(744, 'HERNANDEZ DIAZ JULIO CESAR', 'FARF', '23533', 1570, '2021-04-20', 0, 0),
(745, 'MELENDEZ DIEGO LUZ MARIA', 'FATR', '15259', 1023.19, '2021-04-20', 1, 0),
(746, 'MEXICANA DE MAQUINARIA DE PRESICION S.A DE C.V', 'FATR', '15260', 1625, '2021-04-20', 0, 0),
(747, 'FERNANDO CALDERON CORTE', 'FASM', '33167', 2594.99, '2021-04-20', 1, 0),
(748, 'PUEBLA AUTOMOTRIZ S.A DE C.V', 'FARF', '23535', 799, '2021-04-20', 0, 0),
(749, 'CLIENTE MOSTRADOR', 'FARF', '23536', 768, '2021-04-20', 1, 0),
(750, 'CLIENTE MOSTRADOR', 'FARF', '23537', 4805.98, '2021-04-20', 1, 0),
(751, 'CLIENTE MOSTRADOR', 'FACP', '22025', 700, '2021-04-20', 0, 0),
(752, 'FRACTAL STUDIO S.A DE C.V', 'FASG', '15632', 1003, '2021-04-20', 0, 0),
(753, 'GERMAN CAYETANO PABLO ITZCOALT', 'FASG', '15633', 1117.9, '2021-04-20', 0, 0),
(754, 'GERMAN CAYETANO PABLO ITZCOATL', 'FASG', '15634', 1117.9, '2021-04-20', 0, 0),
(755, 'ENFOQUES ADMINISTRATIVOS CONTEMPORANEOS S.A DE C.V', 'FARF', '23540', 9973.49, '2021-04-20', 0, 0),
(756, 'CLIENTE MOSTRADOR', 'FASM', '33172', 857, '2021-04-20', 0, 0),
(757, 'JORGE LUIS CORDERO LARA', 'FARF', '23541', 729.91, '2021-04-20', 0, 0),
(758, 'INSTITUTO ORIENTE DE PUEBLA A.C.', 'FASM', '33178', 14784, '2021-04-20', 0, 0),
(759, 'CLIENTE MOSTRADOR', 'FASM', '33181', 732.6, '2021-04-20', 0, 0),
(760, 'HERRERA SOLANO LUIS ENRIQUE', 'FASG', '15638', 1469, '2021-04-20', 0, 0),
(761, 'QUIROZ VALENCIA JULIO CESAR', 'FASM', '33185', 745.45, '2021-04-20', 0, 0),
(762, 'CLIENTE MOSTRADOR TORRES', 'FATR', '15267', 745.46, '2021-04-20', 1, 0),
(763, 'CLIENTE MOSTRADOR', 'FARF', '23548', 717.09, '2021-04-20', 0, 0),
(764, 'MELENDEZ DIEGO LUZ MARIA', 'FASG', '15641', 803.22, '2021-04-20', 0, 0),
(765, 'SKY LIFT SERVICES S.A. DE C.V.', 'FARF', '23551', 786.59, '2021-04-20', 1, 0),
(766, 'CARLOS CRIVELLI', 'FATR', '15269', 828, '2021-04-21', 0, 0),
(767, 'SAMUEL JONATHAN VERA COYOTL', 'FASG', '15642', 1183.02, '2021-04-21', 0, 0),
(768, 'LUNA REYES MINERVA AMALIA', 'FASM', '33191', 757.61, '2021-04-21', 0, 0),
(769, 'VALDELAMAR MARINE JOSE DARIO', 'FASG', '15643', 875.61, '2021-04-21', 0, 0),
(770, 'CLIENTE MOSTRADOR', 'FACP', '22040', 2500, '2021-04-21', 1, 0),
(771, 'MORENO ORTUÑO JHONATAN', 'FATR', '15272', 2106.67, '2021-04-21', 0, 0),
(772, 'PEREZ CUEVAS JULIAN SALVADOR', 'FASM', '33192', 3491.71, '2021-04-21', 0, 0),
(773, 'JOSE GUADALUPE ARCE GOMEZ', 'FASM', '33193', 793.89, '2021-04-21', 1, 0),
(774, 'JOSE RAMOS RODRIGUEZ', 'FARF', '23556', 2997.47, '2021-04-21', 0, 0),
(775, 'JORGE LUIS CORDERO LARA', 'FARF', '23557', 1509, '2021-04-21', 0, 0),
(776, 'FLORES SANCHEZ RODOLFO', 'FARF', '23559', 3565.73, '2021-04-21', 0, 0),
(777, 'CLIENTE MOSTRADOR', 'FACP', '22045', 3340, '2021-04-21', 0, 0),
(778, 'CLIENTE MOSTRADOR', 'FASM', '33201', 1364.4, '2021-04-21', 0, 0),
(779, 'JOSE GUADALUPE ARCE GOMEZ', 'FASM', '33203', 1469, '2021-04-21', 0, 0),
(780, 'MAXIL SANCHEZ ABRAHAM JUAN', 'FARF', '23560', 958.01, '2021-04-21', 1, 0),
(781, 'OMAR ALEXIS ZAMUDIO ROMAN', 'FASM', '33204', 947.75, '2021-04-21', 0, 0),
(782, 'HERRERA SOLANO LUIS ENRIQUE', 'FASG', '15648', 1600, '2021-04-21', 0, 0),
(783, 'CLIENTE MOSTRADOR', 'FASG', '15647', 1798.72, '2021-04-21', 0, 0),
(784, 'YAQUELIN BIANET ORTEGA RODRIGUEZ', 'FASM', '33206', 1391.12, '2021-04-21', 1, 0),
(785, 'PERSICO AUTOMOTIVE DE MEXICO S.A. DE C.V.', 'FATR', '15279', 5777.08, '2021-04-21', 0, 0),
(786, 'GABRIEL ALFREDO MORALES ALVAREZ', 'FASM', '33210', 863.81, '2021-04-21', 1, 0),
(787, 'FLORES SORIANO MARIA ANA CRISTINA', 'FACP', '22052', 972.99, '2021-04-21', 0, 0),
(788, 'GILDA PELAEZ Y TABOADA', 'FARF', '23566', 1359.01, '2021-04-21', 0, 0),
(789, 'AUTO REPARACIONES REDLINE SA DE CV', 'FASG', '15653', 2052.54, '2021-04-21', 0, 0),
(790, 'SAISA DE PUEBLA SA DE CV', 'FASG', '15655', 751.41, '2021-04-21', 0, 0),
(791, 'IVAN GONZALEZ ARELLANO', 'FACP', '22053', 1466, '2021-04-21', 0, 0),
(792, 'YESIKA ANGELINA LOPEZ VAZQUEZ', 'FASG', '15657', 1469, '2021-04-22', 0, 0),
(793, 'MORFOS SERVICIOS CREATIVOS S.A.DE.C.V.', 'FASM', '33221', 2983.17, '2021-04-22', 0, 0),
(794, 'HERNANDEZ MUNGUIA ANTONIO', 'FARF', '23570', 857, '2021-04-22', 0, 0),
(795, 'MARTINEZ CASTULO MARGARITO', 'FACP', '22062', 1048.01, '2021-04-22', 0, 0),
(796, 'SAMUEL JONATHAN VERA COYOTL', 'FASG', '15658', 2657.87, '2021-04-22', 0, 0),
(797, 'HERNANDEZ DIAZ JULIO CESAR', 'FARF', '23573', 1469, '2021-04-22', 0, 0),
(798, 'HERNANDEZ MUNGUIA ANTONIO', 'FARF', '23574', 748.85, '2021-04-22', 0, 0),
(799, 'RAYMUNDO FLORES MORONES', 'FATR', '15293', 3602.51, '2021-04-22', 0, 0),
(800, 'GAUDENCIO GREGORIO MENDOZA PALMA', 'FACP', '22063', 857, '2021-04-22', 0, 0),
(801, 'MANUEL RAMOS', 'FASG', '15661', 1469, '2021-04-22', 0, 0),
(802, 'CLIENTE MOSTRADOR', 'FACP', '22064', 857, '2021-04-22', 0, 0),
(803, 'CLIENTE MOSTRADOR', 'FASM', '33225', 1804.75, '2021-04-22', 0, 0),
(804, 'IVAN GONZALEZ ARELLANO', 'FACP', '22065', 701, '2021-04-22', 0, 0),
(805, 'EVELIO TLAXCALANCINGO', 'FATR', '15295', 702.01, '2021-04-22', 0, 0),
(806, 'CLIENTE MOSTRADOR', 'FARF', '23576', 725, '2021-04-22', 0, 0),
(807, 'CORNELIO GOMEZ JUAN', 'FASM', '33226', 1876.8, '2021-04-22', 0, 0),
(808, 'MOVEL TLA S de RL de CV', 'FARF', '23577', 969, '2021-04-22', 0, 0),
(809, 'CLIENTE MOSTRADOR TORRES', 'FATR', '15297', 725, '2021-04-22', 1, 0),
(810, 'CLIENTE MOSTRADOR', 'FARF', '23578', 1314.11, '2021-04-22', 0, 0),
(811, 'CLIENTE MOSTRADOR', 'FARF', '23581', 725, '2021-04-22', 0, 0),
(812, 'LIDER EN RECONSTRUCCION AUTOMOTRIZ S.A DE C.V.', 'FASG', '15668', 2895.2, '2021-04-22', 0, 0);

-- --------------------------------------------------------

--
-- Estructura de tabla para la tabla `ganadores`
--

CREATE TABLE `ganadores` (
  `id` int(11) NOT NULL,
  `idParticipante` int(11) NOT NULL,
  `premio` text COLLATE utf8_spanish_ci NOT NULL,
  `fecha` timestamp NOT NULL DEFAULT current_timestamp()
) ENGINE=InnoDB DEFAULT CHARSET=utf8 COLLATE=utf8_spanish_ci;

-- --------------------------------------------------------

--
-- Estructura de tabla para la tabla `participantes`
--

CREATE TABLE `participantes` (
  `id` int(11) NOT NULL,
  `nombre` text COLLATE utf8_spanish_ci NOT NULL,
  `apellidoPaterno` text COLLATE utf8_spanish_ci NOT NULL,
  `apellidoMaterno` text COLLATE utf8_spanish_ci NOT NULL,
  `correo` text COLLATE utf8_spanish_ci NOT NULL,
  `password` text COLLATE utf8_spanish_ci NOT NULL,
  `celular` text COLLATE utf8_spanish_ci NOT NULL,
  `telefono` text COLLATE utf8_spanish_ci NOT NULL,
  `calle` text COLLATE utf8_spanish_ci NOT NULL,
  `numeroInterior` text COLLATE utf8_spanish_ci NOT NULL,
  `numeroExterior` text COLLATE utf8_spanish_ci NOT NULL,
  `colonia` text COLLATE utf8_spanish_ci NOT NULL,
  `municipio` text COLLATE utf8_spanish_ci NOT NULL,
  `estado` text COLLATE utf8_spanish_ci NOT NULL,
  `ciudad` text COLLATE utf8_spanish_ci NOT NULL,
  `pais` text COLLATE utf8_spanish_ci NOT NULL,
  `cp` text COLLATE utf8_spanish_ci DEFAULT NULL,
  `coordenadas` text COLLATE utf8_spanish_ci DEFAULT NULL,
  `comprasRegistradas` int(11) NOT NULL,
  `montoAcumulado` double NOT NULL,
  `fecha` timestamp NOT NULL DEFAULT current_timestamp(),
  `clasificacion` int(11) NOT NULL
) ENGINE=InnoDB DEFAULT CHARSET=utf8 COLLATE=utf8_spanish_ci;

--
-- Volcado de datos para la tabla `participantes`
--

INSERT INTO `participantes` (`id`, `nombre`, `apellidoPaterno`, `apellidoMaterno`, `correo`, `password`, `celular`, `telefono`, `calle`, `numeroInterior`, `numeroExterior`, `colonia`, `municipio`, `estado`, `ciudad`, `pais`, `cp`, `coordenadas`, `comprasRegistradas`, `montoAcumulado`, `fecha`, `clasificacion`) VALUES
(1, 'MARCO', 'LOPEZ', 'PEREZ', 'mm_marco_mar@hotmail.com', 'R1pVNyyllWV0XoH5m13B8g==', '2214229899', '2214229899', 'AV SAN IGNACIO', '826', '', 'SAN BALTAZAR LINDAVISTA', 'PUEBLA', 'PUEBLA', 'PUEBLA', 'Mexico', '', '', 2, 1856.99, '2021-04-04 19:06:59', 0),
(2, 'ELSA', 'MARTINEZ', 'ORTIZ', 'elmaor@hotmail.com', 'Fnjzu+NEVMO8uir+UDXmRA==', '2221570291', '2221570291', '13 ORIENTE', '3008', '', '2 DE ABRIL', 'PUEBLA', 'PUEBLA', 'PUEBLA', 'MEXICO', '', '', 0, 0, '2021-04-05 19:02:11', 0),
(3, 'SAN MANUEL', 'S', 'S', 'sanmanuel@sfd.com.mx', 'MHOeA34RiSc1fYzCNXlZuA==', '0000000000', '', 'CALLE LIBERTAD', '5973', '', 'SAN BALTAZAR LINDA VISTA', 'PUEBLA', 'PUEBLA', 'HEROICA PUEBLA DE ZARAGOZA', 'MEXICO', '72550', '19.011679,-98.20574189999999', 0, 0, '2021-04-08 12:04:33', 0),
(4, 'REFORMA', 'R', 'R', 'reforma@sfd.com.mx', 'yH3twzNt/XGLepqnYq7doA==', '0000000000', '', 'CALLE LIBERTAD', '5973', '', 'SAN BALTAZAR CAMPECHE', 'PUEBLA', 'PUEBLA', 'HEROICA PUEBLA DE ZARAGOZA', 'MEXICO', '72550', '19.0141851,-98.20444610000001', 0, 0, '2021-04-08 12:06:56', 0),
(5, 'CAPU', 'C', 'C', 'capu@sfd.com.mx', '0ShtMzv6SFeLOPv6MD1nkA==', '0000000000', '', 'CALLE LIBERTAD', '5973', '', 'SAN BALTAZAR CAMPECHE', 'PUEBLA', 'PUEBLA', 'HEROICA PUEBLA DE ZARAGOZA', 'MEXICO', '72550', '19.0141851,-98.20444610000001', 0, 0, '2021-04-08 12:08:27', 0),
(6, 'SANTIAGO', 'S', 'S', 'santiago@sfd.com.mx', 'LXdct2bQDQx+s6AP1SenkA==', '0000000000', '', 'CALLE LIBERTAD', '5973', '', 'SAN BALTAZAR CAMPECHE', 'PUEBLA', 'PUEBLA', 'HEROICA PUEBLA DE ZARAGOZA', 'MEXICO', '72550', '19.0141851,-98.20444610000001', 0, 0, '2021-04-08 12:09:13', 0),
(7, 'LAS TORRES', 'L', 'L', 'lastorres@sfd.com.mx', 'gW5UylNbSuWZOHegWntxbA==', '0000000000', '', 'CALLE LIBERTAD', '5973', '', 'SAN BALTAZAR CAMPECHE', 'PUEBLA', 'PUEBLA', 'HEROICA PUEBLA DE ZARAGOZA', 'MEXICO', '72550', '19.0141851,-98.20444610000001', 0, 0, '2021-04-08 12:09:41', 0),
(8, 'PAULA', 'ZEPEDA', 'ARCE', 'zepedapaula86.pz@gmail.com', 'Pfra6neskh73VVxCuKCqLQ==', '2221178156', '', 'MORELOS', 'A/n', '14', 'SAN SEBASTIÁN', 'TLAXCALA', 'TLAXCALA', 'TLAXCALA', 'MEXICO', '', '', 0, 0, '2021-04-08 14:58:48', 0),
(9, 'ANA ', 'SÁNCHEZ ', 'MARTÍNEZ ', 'anarualms1981@gmail.com', 'zZIUrE5U5Jbf+cE/DL9SMQ==', '2211949932', '222147535', 'AVENIDA 32', '1924', '', 'LAS HADAS ', 'PROVINCIA DE BUENOS AIRES', 'PROVINCIA DE BUENOS AIRES', 'TOLOSA', 'MEXICO', '', '-34.9042686,-57.97300620000001', 0, 0, '2021-04-08 15:30:51', 0),
(11, 'GAUDENCIO GREGORIO', 'MENDOZA', 'PALMA', 'mendozamiriam2711@gmail.com', 'WHtRj2HfZtaRjl804lclXw==', '2224351094', '2224962507', 'AVENIDA MEXICO PUEBLA', '36b', '36', 'SAN JUAN CUAUTLANCINGO', 'PUEBLA', 'PUEBLA', 'SAN JUAN CUAUTLANCINGO', 'MEXICO', '72700', '19.08527175671359,-98.26514365685875', 4, 3332, '2021-04-08 19:50:45', 0),
(12, 'ISAAC', 'GARCIA', 'PEREZ', 'aydeflores@hotmail.com', 'F9rnq9t3Ydc4lJxPNt8ZJQ==', '2224409240', '2227560900', 'RÍO LERMA', '5924', '', 'JARDINES DE SAN MANUEL', 'PUEBLA', 'PUEBLA', 'HEROICA PUEBLA DE ZARAGOZA', 'MEXICO', '72570', '19.0100059,-98.2054057', 0, 0, '2021-04-09 17:30:37', 0),
(13, 'GUSTAVO ADOLFO', 'LIMA', 'MENESES', 'gustavoadolfolimameneses351@gmail.com', 'KW+IywqMRcL/xCur0Ku/mg==', '2211524031', '', '2DA PRIVADA DE PROGRESO', 'S/n', '27 ', 'IGNACIO ROMERO VARGAS ', 'PUEBLA ', 'PUEBLA ', 'PUEBLA ', 'MEXICO', '', '', 1, 1795.8, '2021-04-10 19:00:25', 0),
(14, 'ALEJANDRO', 'POBLANO', 'NASTA', 'ponash78@hotmail.com', 'ujWflUFHWOow7nqE7DupCw==', '2227107830', '', '3A PRIV DE CUAUHTEMOC', '37', '37', 'PINO SUAREZ', 'PUEBLA', 'PUEBLA', 'PUEBLA', 'MEXICO', '', '', 1, 1401.03, '2021-04-10 20:45:48', 0),
(15, 'CESAR HUMBERTO', 'ESTRADA', 'BRAVO', 'chstradab@gmail.com', 'JsDIC6cxbzttcFr0MBOuuQ==', '2224695126', '', 'CUAUHTEMOC ORIENTE', '638-C', '', 'SAN FELIPE HUEYOTLIPAN', 'PUEBLA', 'PUEBLA', 'PUEBLA', 'MEXICO', '', '', 4, 7297.6, '2021-04-11 17:26:15', 0),
(16, 'JUAN FRANCISCO ', 'SORIANO', 'MUÑOZ', 'rollsroyce3213@gmail.com', 'Bov4cPfaPGWafr+jgmsAEw==', '2225882564', '2225882564', 'CUAUHTEMOC ORIENTE', '03', '202', 'SAN FELIPE HUEYOTLIPAN ', 'PUEBLA', 'PUEBLA', 'HEROICA PUEBLA DE ZARAGOZA', 'MEXICO', '', '', 2, 6366.94, '2021-04-12 15:42:12', 0),
(21, 'GUSTAVO ', 'ESPINOZA', 'CERON', 'gustavo.espcer@gmail.com', 'HJPllaUFOIFDg0eZewZ+RA==', '2212077107', '2212077107', 'MONTERREY', '6', '', 'S.N.T.E.', 'PUEBLA', 'PUEBLA', 'HEROICA PUEBLA DE ZARAGOZA', 'MEXICO', '', '18.9660446,-98.24043669999999', 0, 0, '2021-04-12 20:57:01', 0),
(22, 'HUGO ALFREDO', 'MORALES', 'ARROYO', 'alfmorales00@gmail.com', 'SJwePAJ/kteJvxp3v0lMiQ==', '2222629843', '2222629843', '23 NORTE', '0', '5013', 'CLEO TORRES ', 'PUEBLA', 'PUEBLA', 'PIEBLA', 'MEXICO', '', '', 0, 0, '2021-04-13 15:20:29', 0),
(23, 'ALEJANDRO', 'GUEVARA ', 'SOSA', 'grupo.ar.gya@gmail.com', 'h3ehuzWcKuaUsnXT0pGIHQ==', '2225637507', '2222637507', '4 SUR', '316', '316', 'LA LIBERTAD', 'PUEBLA', 'PUEBLA', 'PUEBLA', 'MEXICO', '', '', 3, 5510.87, '2021-04-13 17:08:14', 0),
(24, 'MARÍA GEORGINA', 'MORGAN', 'PAREDES', 'georgina_morgannew@hotmail.com', 'RVLJKmpqIOLhg4Fli83gfg==', '2224703107', '2224703107', '4 SUR', '316', '316', 'LA LIBERTAD', 'PUEBLA', 'PUEBLA', 'PUEBLA', 'MEXICO', '', '', 1, 11821, '2021-04-14 01:49:40', 0),
(25, 'JESUS ', 'VAZQUEZ', 'GARCIA', 'vazquez240510@gmail.com', 'bkPpCVJJxKrCNjGyEy1GMWIl5kcegQ/zXjGNSSP6ATE=', '2225208474', '2225208474', 'CALLE 5 DE MAYO NUMERO 7', '7', '7', 'SAN JOSE LOS CERRITOS', 'PUEBLA', 'PUEBLA', 'PUEBLA', 'MEXICO', '', '', 2, 2210.74, '2021-04-14 03:04:15', 0),
(26, 'JOSE GUADALUPE', 'ARCE', 'GOMEZ', 'jagmotorz@gmail.com', 'nfTJMRhyKULQjVtjGxb39g==', '2223690903', '2223690903', 'SANTO TOMAS DE AQUINO, TRES CRUCES', '7715', '7715', 'TRES CRUCES', 'PUEBLA', 'PUEBLA', 'PUEBLA', 'MEXICO', '', '', 7, 8470.42, '2021-04-15 15:08:59', 0),
(27, 'ROBERTO', 'GUTIERREZ', 'ANGELES', 'rgutierrez@sfd.com.mx', '6TBg7KXCtozLl+y9tlv8hQ==', '2224393044', '', 'LIBERTAD', '5973', '', 'SAN BALTAZAR CAMPECHE', 'PUE', 'PUE', 'PUE', 'MEXICO', '', '', 0, 0, '2021-04-15 17:22:57', 0),
(28, 'HUGO', 'LEAL', 'GONZALES', 'lealgonzaleshugo@gmail.com', 'IPRHznZyOnx2lv4GF16kug==', '2223869032', '2223869032', 'PRIVADA ALLENDE', '22', '22', 'SAN MIGUEL CUENTLA', 'PUEBLA', 'PUEBLA', 'SANCTORUM', 'MEXICO', '72730', '19.1029655,-98.2482079', 1, 877.99, '2021-04-15 17:34:40', 0),
(29, 'LAZARO', 'MARTINEZ', 'MARQUEZ', 'lazaro_martinezm5@yahoo.com.mx', 'kQX1gJrvNJlCju60zxEbJA==', '2223749796', '2222812008', 'PRIV. AV. PUEBLA ', '1', '8', 'SAN PEDRO ZACACHIMALPA', 'PUEBLA', 'PUEBLA', 'PUEBLA', 'MEXICO', '', '', 1, 5868.67, '2021-04-15 17:56:56', 0),
(30, 'LUIS DAVID ', 'JIMENEZ ', 'TELLO', 'tello_2@hotmail.com', 'zr/MKV0N9SlaWV9xswVljw==', '2224472130', '2224472130', 'CALLE 11 SUR', '2507', '3', 'CHULAVISTA', 'PUEBLA', 'PUEBLA', 'HEROICA PUEBLA DE ZARAGOZA', 'MEXICO', '72420', '19.0386008,-98.21202889999999', 2, 3338.38, '2021-04-15 18:25:18', 0),
(31, 'GERARDOL ', 'OLVERA ', 'SALDAÑA', 'gerryolvera@hotmail.com', '8GzXeGF9avKiETrkBycM9g==', '2223946053', '', 'LIBERTAD', '0', '5951', 'SAN BALTAZAR CAMPECHE', 'PUEBLA', 'PUEBLA', 'PUEBLA', 'MEXICO', '', '', 2, 1450, '2021-04-15 19:41:42', 0),
(32, 'SAMUEL JONATHAN', 'VERA', 'COYOTL', 'samjvera@gmail.com', 'JEwaeHfcJYihTEWn+tif8A==', '2226154941', '2211656867', 'SEGUNDA CERRADA DE TOPOYA', '8', '8', 'SAM JERÓNIMO CALERAS', 'PUEBLA', 'PUEBLA', 'PUEBLA', 'MEXICO', '', '', 1, 958.8, '2021-04-16 14:15:55', 0),
(33, 'CAROLINA', 'LEON', 'RAMIREZ', 'tiburon_c_leon@hotmail.com', 'AhumS1LIsvwcYP7+5RA5gQ==', '2223051885', '2225035672', '39 ORIENTE', '0', '921', 'GABRIEL PASTOR', 'PUEBLA', 'PUEBLA', 'PUEBLA', 'MEXICO', '', '', 1, 1062.7, '2021-04-16 15:56:36', 0),
(34, 'ARMANDO', 'RAMIREZ', 'MONROY', 'armirez99@gmail.com', '6TBg7KXCtozLl+y9tlv8hQ==', '2222113096', '000', 'AV. SAN IGNACIO', '7', '1409', 'SAN MANUEL', 'PUEBLA', 'PUEBLA', 'PUEBLA', 'MEXICO', '', '', 1, 726.7, '2021-04-16 17:22:42', 0),
(35, 'GERARDO ', 'RODRIGUEZ MUÑOZ', 'DE COTE ', 'dongerardocote@hotmail.com', 'Ufhu7020AHuR5Jy8tkWAdQ==', '2462415567', '2227567488', '16 DE SEPTIEMBRE', '5741', '5741', 'EL CERRITO', 'PUEBLA', 'PUEBLA', 'HEROICA PUEBLA DE ZARAGOZA', 'MEXICO', '', '19.0170971,-98.21406089999999', 1, 1830.8, '2021-04-17 15:49:17', 0),
(36, 'FRANCISCO JAVIER', 'PEREZ ', 'ALVAREZ', 'FRANK_ST_PAINT@HOTMAIL.COM', 'D5sMThTzDoArYhj49A4bWA==', '2225508275', '2225508275', 'CALLE 91 ORIENTE', '216', '216', '16 DE SEPTIEMBRE SUR', 'PUEBLA', 'PUEBLA', 'HEROICA PUEBLA DE ZARAGOZA', 'MEXICO', '', '18.9966582,-98.2229388', 1, 1442.81, '2021-04-17 16:34:01', 0),
(37, 'JESUS', 'LEON', 'RODRIGUEZ', 'jlrodriguez130227@gmail.com', 'HPZd89NOWLKDiFcclUhCKg==', '2228502273', '000', 'EMILIANO ZAPATA', '0', '217', 'CONCEPCION LACRUZ', 'PUEBLA', 'PUEBLA', 'PUEBLA', 'MEXICO', '', '', 0, 0, '2021-04-17 17:58:42', 0),
(38, 'OMAR', 'TORRES', 'MUÑOZ', 'omarsapin@gmail.com', 't/lVdSiDtnOzFN2GuoiM3Q==', '2222557674', '', 'PRIVADA 29 B SUR', '13908', 'a', 'FRACC HACIENDA DE STA CLARA', 'PUEBLA', 'PUEBLA', 'PUEBLA', 'MEXICO', '', '', 1, 2030.26, '2021-04-19 17:19:23', 0),
(39, 'VICTOR ', 'IRIGOYEN', 'LOPEZ', 'eftransporteprivado@gmail.com', 'njuJY7ZeW27t57kp7qhLUA==', '2229202898', '', '97 A ORIENTE', '237', '', 'JARDINES DE BUGAMBILIAS ', 'PUEBLA', 'PUEBLA', 'PUEBLA', 'MEXICO', '', '', 5, 17479.01, '2021-04-19 17:53:16', 0),
(40, 'MOISÉS ISAI', 'RAMOS', 'GONZALEZ', 'croka23@gmail.com', '5P9c1SZVLhxSQGrLDjyinw==', '2212613988', '2222473853', '11 PONIENTE', 'S/n', '702', 'BARRIO SANTA MARÍA XIXITLA', 'PUEBLA', 'PUEBLA', 'SAN PEDRO PEDRO CHOLULA', 'MEXICO', '', '', 1, 3722.21, '2021-04-19 18:37:15', 0),
(41, 'ANA LUCERO ', 'NÚÑEZ', 'RODRÍGUEZ', 'analucerocat@gmail.com', 'pZ0KGszw7d9Z+mcgAIf9lg==', '5519339216', '5519339216', 'AV CUACNOPALAN SIN #', 'Sin #', 'Sin #', 'LOS VERGELES', 'PL', 'PL', 'PUEBLA', 'MEXICO', '', '', 1, 15614, '2021-04-19 21:43:52', 0),
(42, 'JOSÉ LUIS', 'FERNÁNDEZ', 'CAMARGO', 'legal_grafitti@hotmail.com', 'OROFlyjfDEtCua3ByQIGzA==', '2223358593', '', 'ZARAGOZA', '10', '', 'IGNACIO ROMERO VARGAS', 'PUEBLA', 'PUEBLA', 'PUEBLA', 'MEXICO', '', '', 1, 856.99, '2021-04-20 00:17:32', 0),
(43, 'AMERICA ', 'AMERICA', 'AMERICA', 'adquisiciones4@trjireh.com.mx', 'InrgeU5nahnTh4u9Od/t+A==', '2224649327', '', 'GRAN AVENIDA', '2230', '', 'LAS HADAS', 'PUEBLA', 'PUEBLA', 'PUEBLA', 'MEXICO', '', '', 9, 24121.3, '2021-04-20 15:51:16', 0),
(44, 'NESTOR', 'HERNANDEZ', 'BARRERA', 'ing.neshdzberra@gmail.com', 'QcdECv6PvhHn2/8mmbIQJg==', '2221260610', '2221260610', 'TROJE', '4f', '4f', '3RA SECCION SAN JOSE CHAPULCO', 'PUEBLA', 'PUEBLA', 'PUEBLA', 'MEXICO', '', '', 1, 1416.06, '2021-04-20 16:16:33', 0),
(45, 'ISMAEL', 'DEL CARMEN', 'SERRENO', 'isamelserr@gmail.com', '0EqrNMBwXjZKdvWy+Z65OA==', '2225424498', '2225424498', 'DEL REY', '1703', '1703', 'TRES CERRITOS', 'PUEBLA', 'PUEBLA', 'PUEBLA', 'MEXICO', '', '', 1, 1085.01, '2021-04-20 16:23:11', 0),
(46, 'JOSE RAFAEL', 'SALGADO', 'S', 'rafa050290@gmail.com', 'fwZTTwyksbBF2xnqzzbxcg==', '2227646832', '', 'AVENIDA 26 ORIENTE', '2612', '', 'XONACA', 'PUEBLA', 'PUEBLA', 'HEROICA PUEBLA DE ZARAGOZA', 'MEXICO', '72280', '19.046477,-98.1775212', 5, 6979.45, '2021-04-20 16:29:03', 0),
(47, 'LUZ MARIA', 'MELENDEZ', 'DIEGO', 'zorro524@hotmail.com', '4Kqq5KZszaw9kfKfceMgHQ==', '2225674031', '2225674031', 'PROLONGACION 3 SUR', '12970', '12970', '2DA AMPIACION GUADALUPE HIDALGO', 'PUEBLA', 'PUEBLA', 'PUEBLA', 'MEXICO', '', '', 1, 1023.19, '2021-04-20 18:38:38', 0),
(48, 'JUAN JAVIER', 'RAUL', 'CENTENO', 'jcenteno01@hotmail.com', 'qF5jDvVp2Z0Zr8C2K0I+2g==', '2222553263', '2222553263', 'MOCTEZUMA', '1410', '', 'STA MARIA TONANZINTLA', 'PUEBLA', 'PUEBLA', 'PUEBLA', 'MEXICO', '', '', 1, 1433.36, '2021-04-20 19:18:22', 0),
(49, 'AUTOMOTRIZ ', 'CAMIONERA', 'FLOREZ', 'acfsa@hotmail.com', 'xf9UcZhHsNrN9mGCLQUtGA==', '2222343547', '2222343547', 'BLVD XONACA', '5010', '5010', 'XONACA', 'PUEBLA', 'PUEBLA', 'PUEBLA', 'MEXICO', '', '', 3, 4338.42, '2021-04-20 19:54:50', 0),
(50, 'EDUARDO', 'RAMIREZ ', 'BELLO', 'lalito70ramirez@hotmail.com', 'h3CjAZIj6MGQMSESowHVZA==', '2222300656', '2222300656', 'PLZA FCO CABRERA', '1', '521', 'BOSQUES DE SN SEBASTIAB', 'PUEBLA', 'PUEBLA', 'PUEBLA', 'MEXICO', '', '', 1, 1045.7, '2021-04-20 20:09:11', 0),
(51, 'HECTOR', 'MARTINEZ', 'VELA', 'alem_carroceria@hotmail.com', 'iZHWFV+nQzi+/gMxl0KPdA==', '2228550531', '2228550531', 'ANDADOR CRISTO REY, IGNACIO ROMERO VARGAS', '1', '9', 'I', 'PUEBLA', 'PUEBLA', 'PUEBLA', 'MEXICO', '', '', 0, 0, '2021-04-20 20:29:16', 0),
(52, 'HECTOR', 'MARTÍNEZ ', 'VELA', 'a.martinez_carroceria@hotmail.com', 'A12XRyXsg9HmKRtZKsTQiQ==', '2228550531', '2228550531', 'ANDADOR CRISTO REY', '1', '9', 'IGNACIO ROMERO VARGAS', 'PUEBLA', 'PUEBLA', 'PUEBLA', 'MEXICO', '', '', 0, 0, '2021-04-20 20:32:41', 0),
(53, 'DAVID', 'DARWICH', 'ROJAS', 'darwich17@hotmail.com', '48Y2OaBWKb1+a+C6Lku/iQ==', '2228667997', '2228667997', 'AV 43 PTE', '910', '910', 'GABRIEL PASTOR', 'PUEBLA', 'PUEBLA', 'PUEBLA', 'MEXICO', '', '', 2, 2424.53, '2021-04-20 20:33:39', 0),
(54, 'ARTURO', 'IZAGUIRRE', 'PRIETO', 'arthurh7@hotmail.com', 'MwSlClF+hEaTMF2RyU48Uw==', '2223781628', '2223781628', 'PROLONGACION 2 SUR', '9113', '9113', '16 DE SEP SUR', 'PUEBLA', 'PUEBLA', 'PUEBLA', 'MEXICO', '', '', 1, 745.46, '2021-04-20 21:47:17', 0),
(55, 'ALEJANDRO', 'VALADEZ', 'VALDOVINOS', 'alex.2837@hotmail.com', 'T3BxqzqLckztut82xOKz7g==', '2211617428', '2211617428', 'PRIMERA CERRADA 36 PONIENTE ', '2313', '2313', 'LAS CUARTILLAS ', 'PUEBLA', 'PUEBLA', 'PIEBLA', 'MEXICO', '', '', 1, 2500, '2021-04-21 15:33:54', 0),
(56, 'HERRSIL', 'CARGA', 'EN MOVIMIENTO', 'herrfil73@gmail.com', 'vZmUEbTz/ndwUWrD/oyjag==', '2227107378', '2227107378', 'ALCALA', '6', '6', 'STA MARGARITA', 'PUEBLA', 'PUEBLA', 'PUEBLA', 'MEXICO', '', '', 3, 4391.89, '2021-04-21 16:40:23', 0),
(57, 'JOSE JACOB', 'VELAZQUEZ', 'JUAREZ', 'lastorres1@hotmail.com', 'eIgvBlntHggDdK9/PnndwA==', '2225997283', '2225997283', 'PLZA DEL SECRETARIO', '1', '31', 'LA MARGARITA', 'PUEBLA', 'PUEBLA', 'PUEBLA', 'MEXICO', '', '', 1, 1287.01, '2021-04-21 16:56:02', 0),
(58, 'MILAGROS MONSERRAT', 'GONZALEZ', 'ROMERO', 'karen.saav025@gmail.com', 'aBKRv7PnFA5LpScaVLc1Xw==', '2221365757', '2221365757', 'PRIV A DE LA 16 DE SEP', 's/n', 's/n', 'LOMA ENCANTADA', 'PUEBLA', 'PUEBLA', 'PUEBLA', 'MEXICO', '', '', 2, 2211.03, '2021-04-21 17:32:07', 0),
(59, 'MARIA DEL CARMEN', 'CAMACHO', 'LOPEZ', 'carmencamlop@live.com.mx', '83n/z96I9850pVyu4ngTgQ==', '2222132475', '2222132475', '11 A SUR', '5327', '', 'PRADOS AGUA AZUL', 'PUEBLA', 'PUEBLA', 'PUEBLA', 'MEXICO', '', '', 2, 2622.11, '2021-04-21 17:53:05', 0),
(60, 'JORGE MANUEL', 'LOPEZ', 'TORRES', 'lastorres2@hotmail.com', 'y1vgIcf7CvGC88Kr/m/EpQ==', '2222132475', '2222132475', 'MOLINITO', '220', '', 'EMILIANO ZAPATA', 'PUEBLA', 'PUEBLA', 'PUEBLA', 'MEXICO', '', '', 1, 895.71, '2021-04-21 18:04:29', 0),
(61, 'OSWALDO', 'REYES', 'RODRIGUEZ', 'oswal0605@yahoo.com', 'eN4gCBrWUqCidqkUYZuxvg==', '2222132475', '2222132475', 'ORQUIDEAS', '6306', '', 'BUGAMBILIAS', 'PUEBLA', 'PUEBLA', 'PUEBLA', 'MEXICO', '', '', 1, 858.01, '2021-04-21 18:12:57', 0),
(62, 'JOSE JONATHAN', 'LLORAME', 'RODRIGUEZ', 'lastorres3@hotmail.com', 'UfTND3yQdszu8wRo0T2wcA==', '2222132475', '2222132475', '2 SUR ', '104', '', 'MENDIZABAL', 'PUEBLA', 'PUEBLA', 'PUEBLA', 'MEXICO', '', '', 1, 940.44, '2021-04-21 18:24:04', 0),
(63, 'NICOLAS EDUARDO', 'PEREZ', 'ROJAS', 'lastorres4@hotmail.com', 'LP3b/FJ0fkTnI3qGVZAJ7g==', '222871584', '2228715840', 'MIGUEL HIDALGO', '1', '', 'TLILOXTOC', 'PUEBLA', 'PUEBLA', 'PUEBLA', 'MEXICO', '', '', 1, 2802.45, '2021-04-21 18:47:17', 0),
(64, 'MARIANA', 'BUENO', 'RODRIGUEZ', 'mariana.bueno@live.com.mx', '5zzuiDkUfCnOhL3MFJsdAQ==', '2222132475', '2222132475', '77 OTE', '1207', '', 'GRANJAS SN ISIDRO', 'PUEBLA', 'PUEBLA', 'PUEBLA', 'MEXICO', '', '', 1, 1263.99, '2021-04-21 18:54:01', 0),
(65, 'AUTOMOTRIZ', 'OSORNO', 'OSORNO', 'lastorres5@hotmail.com', '6wVkpYnkrlkLwrgGig32Vw==', '2222132475', '2222132475', '10 SUR', '7519', '', 'LOMA LIMDA', 'PUEBLA', 'PUEBLA', 'PUEBLA', 'MEXICO', '', '', 1, 833.73, '2021-04-21 19:01:12', 0),
(66, 'RIVEROL', 'RIVEROL', 'RIVEROL', 'lastorres6@hotmail.com', 'Qon+hrKNth/JjQdO1BVqFQ==', '2222132475', '2222132475', 'MORELOS', '6133', '', 'PATRIMONIO', 'PUEBLA', 'PUEBLA', 'PUEBLA', 'MEXICO', '', '', 1, 728.09, '2021-04-21 19:07:43', 0),
(67, 'ALISON', 'CAICEROS', 'VAZQUEZ', 'aislantech.pue.mary@gmail.com', 'zyvLf+7TqhAGgLQGcdeK8A==', '2223688888', '2223688888', 'CERRADA 18 SUR', '8778', '', 'GRANJAS SN ISIDRO', 'PUEBLA', 'PUEBLA', 'PUEBLA', 'MEXICO', '', '', 1, 926.47, '2021-04-21 19:24:38', 0),
(68, 'CARLOS', 'CHARLY', 'CHARLY', 'lastorres7@hotmail.com', 'QpE0gk9oLsAPAq1CVZ+/dQ==', '2225233392', '2225233392', '117 PTE', '1', '', 'SN JOSE CHAPULCO', 'PUEBLA', 'PUEBLA', 'PUEBLA', 'MEXICO', '', '', 1, 1090.3, '2021-04-21 19:36:18', 0),
(69, 'CARLOS', 'CHARLY', 'CHARLY', 'lastorres7@hotmail.com', 'QpE0gk9oLsAPAq1CVZ+/dQ==', '2225233392', '2225233392', '117 PTE', '1', '', 'SN JOSE CHAPULCO', 'PUEBLA', 'PUEBLA', 'PUEBLA', 'MEXICO', '', '', 0, 0, '2021-04-21 19:36:18', 0),
(70, 'HAZAEL ', 'PEREZ ', 'ALTAMIRANO ', 'hazael.p@hotmail.com', 'RASx71JiqPTI98UdGOpqOQ==', '2225110844', '2225110844', 'CIRCUITO JUAN PABLO II', '1', '448', 'SAN BALTAZAR CAMPECHE', 'PUEBLA', 'PUEBLA', 'HEROICA PUEBLA DE ZARAGOZA', 'MEXICO', '', '19.0197136,-98.2061848', 1, 872.49, '2021-04-21 19:44:50', 0),
(71, 'JUAN CARLOS ', 'MACHORRO ', 'ESPINOZA ', 'juancarlosmachorroespinoza@gmail.com', 'kalZ6alfzUgOQ5z01AblAA==', '2211203756', '2211203756', 'BOULEVARD 14 SUR', '5719', '5719', 'JARDINES DE SAN MANUEL', 'PUEBLA', 'PUEBLA', 'HEROICA PUEBLA DE ZARAGOZA', 'MEXICO', '72570', '19.0113984,-98.2031091', 1, 769.45, '2021-04-21 19:48:48', 0),
(72, 'LUZ ', 'MARIA', 'AGUILA', 'lastorres8@hotmail.com', 'GQbDYr8xmviPlXx8fIzlMA==', '2225474031', '2225474031', '3 SUR', '13962', '', 'GUADALUPE HIDALGO', 'PUEBLA', 'PUEBLA', 'PUEBLA', 'MEXICO', '', '', 1, 1451.3, '2021-04-21 19:50:28', 0),
(73, 'FERNANDO ', 'CALDERON ', 'CORTE ', 'fernando38@prodigy.net.mx', 'KrKmE35XDU+skrmdrwiytA==', '2224606974', '2222450516', 'AVENIDA SAN MANUEL', '2448', '2448', 'JARDINES DE SAN MANUEL', 'PUEBLA', 'PUEBLA', 'HEROICA PUEBLA DE ZARAGOZA', 'MEXICO', '72570', '19.0132167,-98.19830309999999', 1, 2594.99, '2021-04-21 19:52:55', 0),
(74, 'ARQUITECTOS', 'O', 'C', 'oc_arquitectos@hotmail.com', 'uwlgf2XzUVPPvUh+2DrGkQ==', '2222132475', '2222132475', '14 SUR ', '7332', '', 'LOMA LINDA', 'PUEBLA', 'PUEBLA', 'PUEBLA', 'MEXICO', '', '', 1, 1040, '2021-04-21 19:57:49', 0),
(75, 'JAQUELINE BIANET ', 'ORTEGA ', 'RODRIGUEZ ', 'miki630930@hotmail.com', 'QXcpUvhcxakapKl54HMElA==', '2441172195', '2441172195', 'CARRETERA IZUCAR ', 'sn', 'sn', 'LA TRINIDAD TEPANGO', 'PUEBLA', 'PUEBLA', 'ATLIXCO', 'MEXICO', '74365', '18.8667593,-98.4444709', 1, 1391.12, '2021-04-21 20:09:46', 0),
(76, 'GABRIEL ALFREDO', 'MORALES ', 'ALVAREZ', 'gmorales@ekenternaiment.com.mx', '1Tgvw2UtU7RcDBkrSzdxbg==', '4432773038', '4432773038', 'BOULEVARD ATLIXCÁYOTL', '0', '2000', 'ATLIXCAYOTL', 'PUEBLA', 'PUEBLA', 'CHOLULA', 'MEXICO', '', '19.0085133,-98.2661906', 1, 863.81, '2021-04-21 20:16:49', 0),
(77, 'MARIO RAUL', 'OSORNO', 'GIRON', 'abg.osorno@gmail.com', 'B0s3LWDhTIu14XU0pL1pBQ==', '2224453295', '', 'CALLE 10 SUR', '7519', '', 'LOMA LINDA', 'PUEBLA', 'PUEBLA', 'HEROICA PUEBLA DE ZARAGOZA', 'MEXICO', '72477', '18.9972849,-98.214113', 1, 2341.02, '2021-04-21 20:31:05', 0),
(78, 'JOSE', 'MARTINEZ', 'ROSALIANO', 'lastorres9@gmail.com', 'Vtz7OtzP2W56uKGye9yEBQ==', '2221619292', '2221619292', '2 C OTE', '9913', '', 'ARBOLEDAS DE LOMA BELL', 'PUEBLA', 'PUEBLA', 'PUEBLA', 'MEXICO', '', '', 2, 1583.01, '2021-04-21 21:17:18', 0),
(79, 'HILDA', 'ALVARADO', 'CARMONA', 'generalzapata103@hotmail.com', 'aChCCPeklYnYqEsqiWYhmQ==', '2227340866', '2227340806', 'UNIVERSIDAD DE YUCATAN', '1611', '', 'UNIVERSIDADES', 'PUEBLA', 'PUEBLA', 'PUEBLA', 'MEXICO', '', '', 2, 3454.01, '2021-04-21 21:29:18', 0),
(80, 'ISAIAS', 'SALAZAR', 'FLORES', 'isaiasalflo@gmail.com', 'M+I9GTvamRO46JzxM944bw==', '2216371276', '2222898046', '1 PRIV DE LOS TRUENOS', 'ninguno', '8', 'IGNACIO ROMERO VARGAS', 'PUEBLA', 'PUEBLA', 'PUEBLA', 'MEXICO', '', '', 2, 5573.98, '2021-04-21 22:14:24', 0),
(81, 'DANIEL', 'MAXIL', 'SANCHEZ', 'danielsmaxils@outlook.es', 'WysaVGsh+41FeOaygxqPbw==', '2221242136', '2214155266', '80 PONIENTE', '1509', '', 'LOMA', 'PUEBLA', 'PUEBLA', 'PUEBLA', 'MEXICO', '', '', 1, 958.01, '2021-04-22 01:49:20', 0),
(82, 'IRMA', ' ALEGRE ', 'RODRÍGUEZ ', 'alelialegre41@gmail.com', '1DT4Dq05ewA+W9m4aLRenw==', '222714504', '2227145054', 'AVENIDA 2 PONIENTE', '2311', '2311 A', 'SAN MATÍAS', 'PUEBLA', 'PUEBLA', 'HEROICA PUEBLA DE ZARAGOZA', 'MEXICO', '', '19.0539993,-98.21545979999999', 0, 0, '2021-04-22 04:37:50', 0),
(83, 'RICARDO', 'CRIOLLO', 'ROSA', 'ricardocriollo@hotmail.com', 'PWfOFdOGcZ0nZXlFCJHrAA==', '2221860624', '', 'AV LAS TORRES ', '1607', '', 'GRANJAS SAN ISIDRO', 'PUEBLA', 'PUEBLA', 'PUEBLA', 'MEXICO', '', '', 1, 725, '2021-04-22 16:55:19', 0);

--
-- Índices para tablas volcadas
--

--
-- Indices de la tabla `administradores`
--
ALTER TABLE `administradores`
  ADD PRIMARY KEY (`id`);

--
-- Indices de la tabla `boletos`
--
ALTER TABLE `boletos`
  ADD PRIMARY KEY (`id`);

--
-- Indices de la tabla `descartados`
--
ALTER TABLE `descartados`
  ADD PRIMARY KEY (`id`);

--
-- Indices de la tabla `facturas`
--
ALTER TABLE `facturas`
  ADD PRIMARY KEY (`id`);

--
-- Indices de la tabla `ganadores`
--
ALTER TABLE `ganadores`
  ADD PRIMARY KEY (`id`);

--
-- Indices de la tabla `participantes`
--
ALTER TABLE `participantes`
  ADD PRIMARY KEY (`id`);

--
-- AUTO_INCREMENT de las tablas volcadas
--

--
-- AUTO_INCREMENT de la tabla `administradores`
--
ALTER TABLE `administradores`
  MODIFY `id` int(11) NOT NULL AUTO_INCREMENT, AUTO_INCREMENT=5;

--
-- AUTO_INCREMENT de la tabla `boletos`
--
ALTER TABLE `boletos`
  MODIFY `id` int(11) NOT NULL AUTO_INCREMENT, AUTO_INCREMENT=248;

--
-- AUTO_INCREMENT de la tabla `descartados`
--
ALTER TABLE `descartados`
  MODIFY `id` int(11) NOT NULL AUTO_INCREMENT;

--
-- AUTO_INCREMENT de la tabla `facturas`
--
ALTER TABLE `facturas`
  MODIFY `id` int(11) NOT NULL AUTO_INCREMENT, AUTO_INCREMENT=813;

--
-- AUTO_INCREMENT de la tabla `ganadores`
--
ALTER TABLE `ganadores`
  MODIFY `id` int(11) NOT NULL AUTO_INCREMENT;

--
-- AUTO_INCREMENT de la tabla `participantes`
--
ALTER TABLE `participantes`
  MODIFY `id` int(11) NOT NULL AUTO_INCREMENT, AUTO_INCREMENT=84;
COMMIT;

/*!40101 SET CHARACTER_SET_CLIENT=@OLD_CHARACTER_SET_CLIENT */;
/*!40101 SET CHARACTER_SET_RESULTS=@OLD_CHARACTER_SET_RESULTS */;
/*!40101 SET COLLATION_CONNECTION=@OLD_COLLATION_CONNECTION */;
